Judet,UAT,Localitate,Siruta,"Nr sectie de votare","Nume sectie de votare",Mediu,"Votanti lista",LP,LS,LSC,UM,LT,"Barbati 18-24","Barbati 25-34","Barbati 35-44","Barbati 45-64","Barbati 65+","Femei 18-24","Femei 25-34","Femei 35-44","Femei 45-64","Femei 65+","Barbati 18","Barbati 19","Barbati 20","Barbati 21","Barbati 22","Barbati 23","Barbati 24","Barbati 25","Barbati 26","Barbati 27","Barbati 28","Barbati 29","Barbati 30","Barbati 31","Barbati 32","Barbati 33","Barbati 34","Barbati 35","Barbati 36","Barbati 37","Barbati 38","Barbati 39","Barbati 40","Barbati 41","Barbati 42","Barbati 43","Barbati 44","Barbati 45","Barbati 46","Barbati 47","Barbati 48","Barbati 49","Barbati 50","Barbati 51","Barbati 52","Barbati 53","Barbati 54","Barbati 55","Barbati 56","Barbati 57","Barbati 58","Barbati 59","Barbati 60","Barbati 61","Barbati 62","Barbati 63","Barbati 64","Barbati 65","Barbati 66","Barbati 67","Barbati 68","Barbati 69","Barbati 70","Barbati 71","Barbati 72","Barbati 73","Barbati 74","Barbati 75","Barbati 76","Barbati 77","Barbati 78","Barbati 79","Barbati 80","Barbati 81","Barbati 82","Barbati 83","Barbati 84","Barbati 85","Barbati 86","Barbati 87","Barbati 88","Barbati 89","Barbati 90","Barbati 91","Barbati 92","Barbati 93","Barbati 94","Barbati 95","Barbati 96","Barbati 97","Barbati 98","Barbati 99","Barbati 100","Barbati 101","Barbati 102","Barbati 103","Barbati 104","Barbati 105","Barbati 106","Barbati 107","Barbati 108","Barbati 109","Barbati 110","Barbati 111","Barbati 112","Barbati 113","Barbati 114","Barbati 115","Barbati 116","Barbati 117","Barbati 118","Barbati 119","Barbati 120","Femei 18","Femei 19","Femei 20","Femei 21","Femei 22","Femei 23","Femei 24","Femei 25","Femei 26","Femei 27","Femei 28","Femei 29","Femei 30","Femei 31","Femei 32","Femei 33","Femei 34","Femei 35","Femei 36","Femei 37","Femei 38","Femei 39","Femei 40","Femei 41","Femei 42","Femei 43","Femei 44","Femei 45","Femei 46","Femei 47","Femei 48","Femei 49","Femei 50","Femei 51","Femei 52","Femei 53","Femei 54","Femei 55","Femei 56","Femei 57","Femei 58","Femei 59","Femei 60","Femei 61","Femei 62","Femei 63","Femei 64","Femei 65","Femei 66","Femei 67","Femei 68","Femei 69","Femei 70","Femei 71","Femei 72","Femei 73","Femei 74","Femei 75","Femei 76","Femei 77","Femei 78","Femei 79","Femei 80","Femei 81","Femei 82","Femei 83","Femei 84","Femei 85","Femei 86","Femei 87","Femei 88","Femei 89","Femei 90","Femei 91","Femei 92","Femei 93","Femei 94","Femei 95","Femei 96","Femei 97","Femei 98","Femei 99","Femei 100","Femei 101","Femei 102","Femei 103","Femei 104","Femei 105","Femei 106","Femei 107","Femei 108","Femei 109","Femei 110","Femei 111","Femei 112","Femei 113","Femei 114","Femei 115","Femei 116","Femei 117","Femei 118","Femei 119","Femei 120"
AB,"MUNICIPIUL ALBA IULIA","ALBA IULIA",1026,1,"CENTRUL DE ZI PENTRU PERSOANE VÂRSTNICE",U,1618,880,50,0,0,930,27,55,85,167,108,29,72,95,171,121,6,5,3,5,2,3,3,5,3,7,5,2,2,8,7,4,12,2,10,9,9,6,6,11,6,16,10,5,6,8,10,9,12,8,14,9,6,5,7,6,9,9,10,8,3,11,12,11,5,7,8,6,15,6,4,5,7,6,2,7,3,4,0,1,2,1,1,1,2,1,2,0,1,0,0,0,0,0,0,0,0,0,0,0,0,0,0,0,0,0,0,0,0,0,0,0,0,0,0,0,0,0,0,5,3,3,5,6,2,5,9,5,4,6,9,9,7,7,10,6,1,6,9,10,5,13,7,16,16,12,14,10,7,6,13,9,12,4,7,7,11,6,11,6,6,8,2,13,9,10,14,5,8,8,11,11,4,18,13,4,9,0,3,1,3,4,0,1,1,0,0,2,1,0,0,0,0,0,0,0,0,0,0,0,0,0,0,0,0,0,0,0,0,0,0,0,0,0,0,0,0,0,0,0,0,0
AB,"MUNICIPIUL ALBA IULIA","ALBA IULIA",1026,10,"COLEGIUL NAŢIONAL „HOREA CLOŞCA ŞI CRIŞAN”",U,1440,678,117,0,0,795,28,56,71,130,77,36,55,81,170,91,5,2,3,4,5,4,5,1,3,6,6,7,7,6,6,8,6,2,6,7,4,11,8,11,8,7,7,6,7,7,7,11,5,8,5,6,7,4,5,5,7,1,4,12,9,7,7,9,10,6,5,9,7,6,4,4,4,2,4,1,1,1,2,0,2,0,0,0,0,0,0,0,0,0,0,0,0,0,0,0,0,0,0,0,0,0,0,0,0,0,0,0,0,0,0,0,0,0,0,0,0,0,0,7,4,2,4,6,4,9,4,8,2,7,7,5,5,8,3,6,6,5,5,11,8,9,12,8,5,12,12,3,10,10,5,11,13,9,4,10,6,3,5,11,6,14,8,12,7,11,12,11,12,6,4,6,7,5,3,4,1,2,2,3,3,2,4,1,2,1,0,0,0,0,0,0,0,0,0,0,0,0,0,0,0,0,0,0,0,0,0,0,0,0,0,0,0,0,0,0,0,0,0,0,0,0
AB,"MUNICIPIUL SEBEŞ",SEBEŞ,1883,100,"ŞCOALA GIMNAZIALĂ NR. 2 SEBEŞ",U,1417,757,66,0,38,861,36,66,67,159,106,34,56,72,158,107,3,7,6,3,10,4,3,3,2,9,6,8,9,6,7,11,5,8,8,4,2,6,9,8,6,8,8,11,4,14,8,4,8,5,8,4,10,5,6,2,13,10,12,8,10,9,8,8,10,12,5,9,9,7,5,5,2,2,2,2,6,2,6,3,2,1,1,1,2,1,1,0,1,0,1,0,0,0,0,0,0,0,0,0,0,0,0,0,0,0,0,0,0,0,0,0,0,0,0,0,0,0,0,5,5,2,11,2,6,3,2,4,3,7,5,8,9,6,7,5,4,4,12,6,6,10,8,6,9,7,9,5,13,11,9,8,4,7,6,8,6,9,7,8,5,5,10,8,12,8,8,9,12,14,8,4,11,0,3,4,4,1,2,2,4,4,7,2,3,1,1,2,0,1,0,0,0,0,0,0,0,0,0,0,0,0,0,0,0,0,0,0,0,0,0,0,0,0,0,0,0,0,0,0,0,0
AB,"MUNICIPIUL SEBEŞ",SEBEŞ,1883,101,"COLEGIUL NAŢIONAL ”LUCIAN BLAGA” SEBEŞ",U,1275,711,30,0,33,774,17,54,71,124,77,28,62,74,169,98,4,4,3,3,0,2,1,5,4,5,3,7,5,9,5,7,4,2,8,5,9,13,8,8,6,7,5,6,8,4,3,10,10,4,9,1,2,5,4,8,2,4,7,10,7,8,12,10,6,7,7,3,8,6,5,2,1,4,3,2,1,2,2,1,2,1,2,0,1,0,1,0,0,0,0,0,0,0,0,0,0,0,0,0,0,0,0,0,0,0,0,0,0,0,0,0,0,0,0,0,0,0,0,6,2,4,3,5,2,6,5,7,5,8,6,7,5,5,7,7,8,6,6,10,10,8,11,4,8,3,8,6,10,7,6,9,6,7,2,7,7,4,9,8,11,12,13,13,10,14,6,11,12,3,7,7,10,3,7,3,3,5,3,1,3,4,3,2,1,0,2,1,1,0,0,0,0,0,0,0,0,0,0,0,0,0,0,0,0,0,0,0,0,0,0,0,0,0,0,0,0,0,0,0,0,0
AB,"MUNICIPIUL SEBEŞ",SEBEŞ,1883,102,"COLEGIUL NAŢIONAL ”LUCIAN BLAGA” SEBEŞ",U,1384,747,80,0,0,827,30,38,85,151,70,29,53,120,163,88,4,3,9,5,3,4,2,3,3,2,5,7,1,5,3,6,3,6,6,5,6,9,13,10,13,9,8,9,9,12,8,11,11,8,11,5,3,7,5,4,3,9,5,9,4,9,9,6,14,4,7,6,2,4,4,2,2,1,2,1,4,1,2,1,2,0,0,2,1,1,0,0,0,1,0,0,0,0,0,0,0,0,0,0,0,0,0,0,0,0,0,0,0,0,0,0,0,0,0,0,0,0,0,3,4,2,7,3,5,5,6,4,5,5,3,3,6,9,5,7,7,7,12,12,18,10,17,12,15,10,9,10,6,15,10,6,9,8,10,7,5,8,6,5,5,1,7,10,18,8,14,10,9,6,4,6,3,1,5,4,4,3,6,1,1,1,3,1,4,0,0,0,1,0,1,0,0,0,0,0,0,0,0,0,0,0,0,0,0,0,0,0,0,0,0,0,0,0,0,0,0,0,0,0,0,0
AB,"MUNICIPIUL SEBEŞ",SEBEŞ,1883,103,"ŞCOALA GIMNAZIALĂ ”MIHAIL KOGĂLNICEANU” SEBEŞ",U,1117,516,54,0,0,570,24,42,59,94,56,18,36,57,125,59,1,7,4,4,3,2,3,1,2,5,8,3,5,3,6,3,6,5,5,6,4,10,4,6,4,9,6,7,7,8,8,1,8,5,3,6,3,0,6,4,6,1,3,4,5,4,5,8,7,8,11,6,3,4,2,0,0,1,1,1,1,2,1,0,0,0,0,0,0,0,0,0,0,0,0,0,0,0,0,0,0,0,0,0,0,0,0,0,0,0,0,0,0,0,0,0,0,0,0,0,0,0,0,2,2,4,1,2,4,3,1,4,3,2,5,3,9,5,3,1,5,5,6,3,5,5,9,7,5,7,5,3,8,3,4,9,5,4,3,6,7,9,3,3,8,7,10,8,10,10,13,9,4,5,7,3,4,0,2,4,1,1,1,2,0,1,0,1,0,0,0,0,1,0,0,0,0,0,0,0,0,0,0,0,0,0,0,0,0,0,0,0,0,0,0,0,0,0,0,0,0,0,0,0,0,0
AB,"MUNICIPIUL SEBEŞ",SEBEŞ,1883,104,"ŞCOALA GIMNAZIALĂ ”MIHAIL KOGĂLNICEANU” SEBEŞ",U,1047,465,46,0,0,511,24,33,44,96,31,23,35,57,110,58,6,5,5,0,2,3,3,3,5,1,6,3,2,4,4,3,2,2,5,0,5,6,4,10,4,5,3,5,9,12,4,3,6,5,6,4,4,2,8,8,5,1,2,3,4,4,1,6,6,3,3,3,2,0,0,1,1,1,0,2,0,0,0,1,0,1,0,0,0,1,0,0,0,0,0,0,0,0,0,0,0,0,0,0,0,0,0,0,0,0,0,0,0,0,0,0,0,0,0,0,0,0,0,3,5,3,2,1,4,5,6,4,3,1,0,5,3,4,5,4,6,3,3,4,1,8,10,7,8,7,8,5,5,10,6,3,10,5,2,3,7,5,7,3,4,7,8,6,3,3,6,10,4,4,3,3,4,3,2,2,2,2,0,2,3,0,5,2,1,0,0,0,0,0,0,0,0,0,0,0,0,0,0,0,0,0,0,0,0,0,0,0,0,0,0,0,0,0,0,0,0,0,0,0,0,0
AB,"MUNICIPIUL SEBEŞ",SEBEŞ,1883,105,"ŞCOALA GIMNAZIALĂ ”MIHAIL KOGĂLNICEANU” SEBEŞ",U,1148,504,23,0,0,527,22,29,37,106,34,22,39,55,112,71,5,4,3,2,3,2,3,0,3,5,2,2,7,3,3,2,2,2,2,3,4,5,5,3,5,1,7,6,8,5,5,9,5,7,9,3,1,5,4,2,4,6,7,5,6,2,7,2,3,3,4,3,3,4,2,1,3,1,0,0,1,0,3,0,0,0,0,1,0,0,0,0,0,0,0,0,0,0,0,0,0,0,0,0,0,0,0,0,0,0,0,0,0,0,0,0,0,0,0,0,0,0,0,4,5,5,3,1,0,4,6,3,4,5,4,6,2,5,1,3,1,6,6,3,7,9,4,4,7,8,5,4,9,6,3,10,4,4,1,1,8,1,5,5,7,8,10,7,8,6,5,9,9,4,5,3,4,6,1,1,5,2,2,3,2,1,1,1,1,3,2,0,0,0,0,0,0,0,0,0,0,0,0,1,0,0,0,0,0,0,0,0,0,0,0,0,0,0,0,0,0,0,0,0,0,0
AB,"MUNICIPIUL SEBEŞ",SEBEŞ,1883,106,"ŞCOALA GIMNAZIALĂ ”MIHAIL KOGĂLNICEANU” SEBEŞ",U,1109,481,9,0,0,490,20,32,50,100,41,18,37,45,94,53,4,3,5,4,2,1,1,2,0,5,3,1,6,2,4,3,6,3,6,3,4,2,6,9,8,4,5,8,5,7,4,5,3,8,5,4,5,4,5,7,0,7,3,3,4,7,6,4,4,4,6,5,3,1,5,2,1,2,1,0,0,1,2,0,0,0,0,0,0,0,0,0,0,0,0,0,0,0,0,0,0,0,0,0,0,0,0,0,0,0,0,0,0,0,0,0,0,0,0,0,0,0,0,1,4,0,7,3,2,1,2,2,1,4,2,3,8,7,3,5,5,2,2,4,7,7,5,6,5,2,6,6,6,5,3,2,8,4,3,4,4,5,3,1,5,4,4,9,5,7,7,10,8,2,6,3,3,2,1,2,0,1,1,2,0,3,0,1,1,0,0,0,0,0,0,0,0,0,0,0,0,0,0,0,0,0,0,0,0,0,0,0,0,0,0,0,0,0,0,0,0,0,0,0,0,0
AB,"MUNICIPIUL SEBEŞ",LANCRĂM,1892,107,"ŞCOALA GIMNAZIALĂ LANCRĂM",U,1427,674,58,0,0,732,24,55,66,140,67,39,58,59,144,80,2,3,6,3,3,2,5,4,5,9,5,8,3,4,4,10,3,2,8,6,8,3,7,4,15,5,8,6,7,8,8,13,11,8,3,4,4,3,4,6,9,6,5,10,4,10,11,5,4,4,3,4,2,5,6,6,4,6,5,3,2,4,0,1,0,0,1,1,1,0,0,0,0,0,0,0,0,0,0,0,0,0,0,0,0,0,0,0,0,0,0,0,0,0,0,0,0,0,0,0,0,0,0,7,8,3,5,7,3,6,3,4,3,10,4,4,7,5,7,11,4,4,6,9,6,6,7,5,6,6,9,7,6,3,10,9,12,10,5,4,6,4,4,6,9,10,9,3,6,12,12,5,11,6,8,5,3,5,2,2,4,1,1,2,1,3,1,3,3,0,0,1,0,0,0,1,0,0,0,0,0,0,0,0,0,0,0,0,0,0,0,0,0,0,0,0,0,0,0,0,0,0,0,0,0,0
AB,"MUNICIPIUL SEBEŞ",PETREŞTI,1909,108,"ŞCOALA GIMNAZIALĂ PETREŞTI",U,1444,688,37,0,0,725,36,51,68,117,62,45,56,71,149,70,9,4,6,4,4,2,7,6,3,1,5,7,3,6,11,4,5,7,3,7,4,6,7,6,9,10,9,13,8,5,2,10,6,6,9,3,5,4,4,8,2,5,5,4,5,10,3,3,9,6,5,5,2,7,4,3,3,4,1,2,2,0,1,0,1,1,0,1,0,1,0,1,0,0,0,0,0,0,0,0,0,0,0,0,0,0,0,0,0,0,0,0,0,0,0,0,0,0,0,0,0,0,0,6,3,10,11,5,4,6,3,5,8,8,7,8,5,3,4,5,8,7,6,6,8,10,8,7,3,8,14,5,13,11,7,13,9,8,13,6,1,3,6,7,3,4,3,7,9,7,11,9,4,8,3,6,4,2,0,0,5,2,2,4,3,0,1,1,1,2,1,0,0,0,0,0,0,0,0,1,0,0,0,0,0,0,0,0,0,0,0,0,0,0,0,0,0,0,0,0,0,0,0,0,0,0
AB,"MUNICIPIUL SEBEŞ",PETREŞTI,1909,109,"ŞCOALA GIMNAZIALĂ PETREŞTI",U,1405,571,47,0,0,618,33,39,52,119,43,41,45,78,115,53,6,8,3,2,6,4,4,4,7,4,3,3,1,3,9,4,1,2,5,4,3,6,8,11,6,3,4,8,7,15,4,12,8,4,2,1,7,5,6,6,6,2,5,1,6,5,9,3,7,1,5,3,2,5,4,2,1,3,1,0,1,2,0,0,0,1,0,0,1,0,0,1,0,0,0,0,0,0,0,0,0,0,0,0,0,0,0,0,0,0,0,0,0,0,0,0,0,0,0,0,0,0,0,8,5,6,4,6,5,7,5,6,4,6,2,5,4,2,6,5,5,4,10,5,7,7,11,13,8,8,6,4,4,12,5,8,7,5,4,4,9,4,4,4,8,6,10,4,5,2,4,6,7,7,5,1,2,4,4,0,4,0,2,1,2,0,1,1,1,0,0,0,0,0,0,0,1,0,0,0,0,0,0,0,0,0,0,0,0,0,0,0,0,0,0,0,0,0,0,0,0,0,0,0,0,0
AB,"MUNICIPIUL ALBA IULIA","ALBA IULIA",1026,11,"COLEGIUL NAŢIONAL „HOREA CLOŞCA ŞI CRIŞAN”",U,1005,446,145,0,0,591,28,45,80,84,29,30,51,79,110,55,3,1,3,3,7,5,6,8,6,1,0,3,8,3,3,7,6,9,4,10,6,13,4,5,12,11,6,4,4,2,6,5,4,8,7,2,2,7,4,4,3,3,2,3,5,3,6,8,0,1,0,5,0,3,3,1,2,1,2,0,1,1,0,1,0,0,0,0,0,0,0,0,0,0,0,0,0,0,0,0,0,0,0,0,0,0,0,0,0,0,0,0,0,0,0,0,0,0,0,0,0,0,0,2,5,4,7,4,7,1,5,1,6,5,6,6,7,6,3,6,7,10,9,12,6,5,8,5,12,5,7,8,6,7,8,4,10,6,2,5,4,8,4,4,6,4,5,6,1,5,3,5,8,6,7,6,4,0,3,2,4,1,3,0,0,0,0,1,2,0,0,0,0,0,0,0,0,0,0,0,0,0,0,0,0,0,0,0,0,0,0,0,0,0,0,0,0,0,0,0,0,0,0,0,0,0
AB,"MUNICIPIUL SEBEŞ",PETREŞTI,1909,110,"ŞCOALA GIMNAZIALĂ PETREŞTI",U,1447,668,40,0,8,716,34,42,76,137,51,32,60,76,136,72,9,6,7,4,3,1,4,3,5,6,3,4,7,5,1,4,4,6,8,8,4,9,8,12,10,6,5,15,6,12,10,8,3,8,12,6,2,5,5,3,5,3,5,3,5,7,14,8,5,2,6,5,4,4,4,2,1,1,2,1,0,0,3,1,2,0,0,0,0,0,0,0,0,0,0,0,0,0,0,0,0,0,0,0,0,0,0,0,0,0,0,0,0,0,0,0,0,0,0,0,0,0,0,7,4,8,4,3,4,2,2,7,3,7,5,9,6,7,8,6,4,10,4,5,7,8,12,8,7,11,7,7,5,13,5,8,6,10,3,5,8,2,4,5,8,7,10,6,6,11,9,2,4,12,4,6,3,3,2,5,4,3,2,3,2,3,1,1,1,1,0,0,0,0,0,1,0,0,0,0,0,0,0,0,0,0,0,0,0,0,0,0,0,0,0,0,0,0,0,0,0,0,0,0,0,0
AB,"MUNICIPIUL SEBEŞ",RĂHĂU,1918,111,"ŞCOALA GIMNAZIALĂ RĂHĂU",U,848,395,35,0,0,430,14,44,36,70,55,23,33,29,77,49,0,4,3,2,1,1,3,4,5,3,6,2,5,5,3,6,5,3,2,1,7,6,1,2,6,6,2,4,5,4,4,2,6,6,4,3,1,1,1,3,3,6,1,7,2,5,2,4,8,3,7,7,9,3,2,3,2,1,0,2,1,0,1,0,0,0,1,0,0,0,0,1,0,0,0,0,0,0,0,0,0,0,0,0,0,0,0,0,0,0,0,0,0,0,0,0,0,0,0,0,0,0,0,2,4,0,4,4,8,1,2,1,6,1,10,1,1,6,2,3,3,3,2,3,3,7,3,0,3,2,6,5,6,3,4,5,4,1,7,1,3,3,0,4,5,4,4,4,3,5,7,6,5,6,5,2,6,1,3,1,1,1,0,1,2,0,0,0,0,1,1,0,0,0,0,0,0,0,0,0,0,0,0,0,0,0,0,0,0,0,0,0,0,0,0,0,0,0,0,0,0,0,0,0,0,0
AB,"ORAŞ ABRUD",ABRUD,1160,112,"ŞCOALA GIMNAZIALĂ ”AVRAM IANCU” ABRUD",U,1129,469,41,0,0,510,16,24,35,123,65,20,16,41,115,55,7,0,0,2,1,2,4,2,1,5,2,1,3,1,1,6,2,0,3,2,1,5,4,7,3,7,3,5,8,5,9,10,12,6,8,7,6,5,2,5,8,3,4,4,8,6,2,5,4,6,2,3,6,2,6,4,7,3,4,2,2,0,0,2,3,1,1,0,1,0,1,0,0,0,0,0,0,0,0,0,0,0,0,0,0,0,0,0,0,0,0,0,0,0,0,0,0,0,0,0,0,0,0,4,2,3,1,2,3,5,3,1,1,2,0,2,1,2,3,1,5,1,5,1,3,3,5,8,3,7,8,10,7,9,5,3,12,5,3,2,8,5,6,10,2,3,3,4,9,1,4,4,6,7,3,3,3,7,3,3,4,1,1,1,0,1,1,0,2,1,0,0,0,0,0,0,0,0,0,0,0,0,0,0,0,0,0,0,0,0,0,0,0,0,0,0,0,0,0,0,0,0,0,0,0,0
AB,"ORAŞ ABRUD",ABRUD,1160,113,"ŞCOALA GIMNAZIALĂ ”AVRAM IANCU” GRADINIȚA CU PROGRAM NORMAL NR. 1 ABRUD",U,1082,478,34,0,0,512,15,24,34,112,63,16,22,42,108,76,2,3,1,5,1,2,1,2,4,7,3,2,2,2,0,0,2,3,4,1,1,1,6,3,3,6,6,5,10,4,3,9,5,9,6,7,9,10,3,3,3,8,4,2,3,6,3,5,4,5,4,3,6,4,2,1,4,5,2,0,5,1,3,2,3,1,1,2,0,0,0,0,0,0,0,0,0,0,0,0,0,0,0,0,0,0,0,0,0,0,0,0,0,0,0,0,0,0,0,0,0,0,0,2,4,2,2,3,1,2,0,1,4,2,2,4,2,3,3,1,1,6,2,6,5,4,4,6,3,5,5,8,6,9,10,5,10,8,5,2,4,2,7,4,2,4,4,3,4,6,11,9,2,5,7,7,3,5,4,4,2,7,3,0,3,0,0,0,1,0,0,2,0,0,1,0,0,0,0,0,0,0,0,0,0,0,0,0,0,0,0,0,0,0,0,0,0,0,0,0,0,0,0,0,0,0
AB,"ORAŞ ABRUD",ABRUD,1160,114,"ȘCOALA GIMNAZIALĂ ”AVRAM IANCU” GRĂDINIŢA CU PROGRAM PRELUNGIT NR.1 ABRUD",U,1312,519,45,0,4,568,20,31,45,133,45,20,32,49,150,43,4,1,4,6,2,1,2,1,4,2,4,4,1,4,5,1,5,3,5,4,3,7,4,7,4,4,4,5,3,4,5,7,5,14,9,6,8,6,5,6,6,9,3,8,6,11,7,9,6,4,8,3,5,1,3,2,1,0,1,1,0,1,0,0,0,0,0,0,0,0,0,0,0,0,0,0,0,0,0,0,0,0,0,0,0,0,0,0,0,0,0,0,0,0,0,0,0,0,0,0,0,0,0,4,6,0,2,1,4,3,4,2,2,3,3,5,2,3,3,5,2,4,8,5,6,7,6,4,3,4,12,12,7,10,7,9,12,8,5,7,10,6,6,4,3,6,8,9,3,6,10,1,6,7,6,6,2,1,0,0,2,0,1,0,0,0,1,0,0,0,0,0,0,0,0,0,0,0,0,0,0,0,0,0,0,0,0,0,0,0,0,0,0,0,0,0,0,0,0,0,0,0,0,0,0,0
AB,"ORAŞ ABRUD",ABRUD,1160,115,"LICEUL ”HOREA, CLOŞCA ŞI CRIŞAN” ABRUD",U,1066,420,57,0,16,493,19,39,32,132,34,19,30,26,131,31,2,2,4,4,5,2,0,5,4,4,5,3,3,6,5,2,2,1,2,3,3,6,2,6,2,2,5,7,4,2,1,4,11,9,5,7,6,9,9,7,6,5,5,11,7,11,6,3,3,5,5,1,1,2,1,1,2,1,0,0,1,3,0,3,1,0,0,0,0,0,1,0,0,0,0,0,0,0,0,0,0,0,0,0,0,0,0,0,0,0,0,0,0,0,0,0,0,0,0,0,0,0,0,1,1,1,8,5,1,2,3,4,5,0,5,3,5,2,1,2,1,6,0,1,4,0,1,2,9,2,5,8,3,5,5,8,10,9,11,9,7,6,10,9,7,5,2,3,4,5,4,4,4,3,1,2,1,1,2,1,0,1,3,1,0,0,1,0,1,0,0,0,1,0,0,0,0,0,0,0,0,0,0,0,0,0,0,0,0,0,0,0,0,0,0,0,0,0,0,0,0,0,0,0,0,0
AB,"ORAŞ BAIA DE ARIEŞ","BAIA DE ARIEŞ",2924,116,"ŞCOALA GENERALĂ CU CLASELE I-VIII",U,889,350,47,0,12,409,22,20,25,106,39,13,29,14,100,41,0,6,5,4,1,2,4,2,3,1,1,2,1,2,7,1,0,2,4,3,4,2,3,2,3,0,2,3,4,8,4,9,5,7,3,3,4,7,4,9,4,2,7,4,9,4,6,3,2,1,0,3,4,4,1,2,2,1,2,4,2,1,1,0,1,1,2,1,1,0,0,0,0,0,0,0,0,0,0,0,0,0,0,0,0,0,0,0,0,0,0,0,0,0,0,0,0,0,0,0,0,0,0,2,1,1,1,4,2,2,1,3,0,2,2,4,4,3,3,7,1,0,1,1,2,1,2,1,2,3,0,7,4,3,7,8,8,6,5,4,7,5,4,4,6,8,3,5,3,3,5,1,4,2,5,1,3,3,0,1,0,0,2,1,2,4,2,1,0,2,0,1,0,0,1,0,0,0,0,0,0,0,0,0,0,0,0,0,0,0,0,0,0,0,0,0,0,0,0,0,0,0,0,0,0,0
AB,"ORAŞ BAIA DE ARIEŞ","BAIA DE ARIEŞ",2924,117,"ŞCOALA GENERALĂ CU CLASELE I-VIII",U,856,296,29,0,0,325,15,17,17,87,30,20,14,16,80,29,1,2,3,4,1,3,1,3,1,1,2,3,1,1,0,4,1,3,3,1,1,1,2,1,2,0,3,2,5,4,1,3,5,5,9,4,3,5,3,4,3,14,6,4,5,1,1,3,2,2,2,3,4,2,2,0,0,3,0,2,0,2,0,0,1,2,0,0,0,0,0,0,0,0,0,0,0,0,0,0,0,0,0,0,0,0,0,0,0,0,0,0,0,0,0,0,0,0,0,0,0,0,0,2,7,2,1,2,4,2,1,0,6,0,3,1,0,1,1,1,1,0,1,1,3,0,2,4,1,3,2,2,2,3,2,9,6,5,5,3,8,5,4,6,2,2,5,4,4,1,2,3,2,3,4,2,1,2,0,3,2,0,1,1,1,1,1,0,0,0,0,0,0,0,0,0,0,0,0,0,0,0,0,0,0,0,0,0,0,0,0,0,0,0,0,0,0,0,0,0,0,0,0,0,0,0
AB,"ORAŞ BAIA DE ARIEŞ","BAIA DE ARIEŞ",2924,118,"LICEUL ”DR. LAZĂR CHIRILĂ”",U,619,254,14,0,0,268,12,14,20,64,30,7,10,14,64,33,3,0,3,2,2,0,2,0,1,3,3,0,2,0,4,1,0,1,2,1,2,3,1,2,3,4,1,1,0,2,3,3,3,3,4,10,1,2,4,1,5,8,4,1,5,1,3,5,4,2,3,4,1,2,1,1,0,1,0,0,0,0,1,1,3,0,0,1,0,0,0,0,0,0,0,0,0,0,0,0,0,0,0,0,0,0,0,0,0,0,0,0,0,0,0,0,0,0,0,0,0,0,0,2,0,1,2,0,2,0,0,0,3,0,2,0,0,3,1,1,1,0,1,1,1,1,2,3,1,3,1,2,3,2,1,3,3,5,4,1,2,2,4,7,4,4,4,4,1,7,2,3,5,2,1,5,4,1,1,1,2,2,1,0,2,0,0,1,0,0,0,0,0,0,0,0,0,0,0,0,0,0,0,0,0,0,0,0,0,0,0,0,0,0,0,0,0,0,0,0,0,0,0,0,0,0
AB,"ORAŞ BAIA DE ARIEŞ",BRĂZEŞTI,2933,119,"ŞCOALA PRIMARĂ BRĂZEŞTI",U,213,96,18,0,0,114,7,8,5,26,15,3,8,5,21,16,1,1,2,1,2,0,0,0,1,0,1,0,1,1,1,1,2,1,0,1,0,0,1,0,0,1,1,1,1,2,0,1,0,4,4,1,0,2,3,0,1,2,1,2,1,0,0,0,1,1,0,0,1,1,0,4,0,2,0,1,0,0,0,0,1,0,2,0,0,1,0,0,0,0,0,0,0,0,0,0,0,0,0,0,0,0,0,0,0,0,0,0,0,0,0,0,0,0,0,0,0,0,0,2,0,0,0,0,1,0,1,0,0,1,0,0,1,2,3,0,0,0,1,0,1,0,2,0,0,1,0,7,0,2,0,2,2,0,2,3,0,1,0,1,1,0,0,0,0,0,2,1,1,2,2,1,3,0,0,0,1,0,0,0,0,1,1,1,0,0,0,0,0,0,0,0,0,0,0,0,0,0,0,0,0,0,0,0,0,0,0,0,0,0,0,0,0,0,0,0,0,0,0,0,0,0
AB,"MUNICIPIUL ALBA IULIA","ALBA IULIA",1026,12,"COLEGIUL TEHNIC ”APULUM”",U,1211,524,51,0,0,575,19,47,43,114,40,29,48,52,136,47,3,7,0,2,0,1,6,3,4,3,5,2,6,8,2,7,7,2,5,3,4,3,2,9,6,5,4,6,11,5,4,5,5,1,7,3,4,7,2,6,8,8,5,11,7,4,5,3,6,4,7,4,3,1,2,2,2,2,0,1,0,0,1,1,0,1,0,0,0,0,0,0,0,0,0,0,0,0,0,0,0,0,0,0,0,0,0,0,0,0,0,0,0,0,0,0,0,0,0,0,0,0,0,8,3,4,4,3,0,7,4,5,2,6,2,8,3,3,8,7,3,1,10,4,7,5,5,6,3,8,7,5,7,10,7,6,11,11,1,7,9,5,9,4,6,5,7,7,3,9,4,2,5,5,9,1,5,1,0,1,3,0,3,0,1,2,1,1,1,0,0,0,0,1,1,0,0,0,0,0,0,0,0,0,0,0,0,0,0,0,0,0,0,0,0,0,0,0,0,0,0,0,0,0,0,0
AB,"ORAŞ BAIA DE ARIEŞ","CIOARA DE SUS",2942,120,"CĂMINUL CULTURAL CIOARA DE SUS",U,193,73,11,0,0,84,7,7,6,23,4,5,5,1,20,6,0,1,1,2,0,1,2,0,0,2,0,1,0,1,0,3,0,1,1,0,0,1,0,1,0,1,1,1,3,2,0,2,0,1,1,1,2,0,1,3,1,1,0,0,2,1,1,1,0,1,0,0,0,0,0,0,0,0,0,0,1,1,0,0,0,0,0,0,0,0,0,0,0,0,0,0,0,0,0,0,0,0,0,0,0,0,0,0,0,0,0,0,0,0,0,0,0,0,0,0,0,0,0,1,0,1,1,2,0,0,1,0,0,0,0,1,0,0,2,1,0,0,0,0,0,0,0,1,0,0,1,1,1,1,2,1,2,0,2,1,1,1,0,0,3,0,1,0,1,1,1,0,0,1,1,0,1,0,0,0,1,0,1,0,0,0,0,0,0,0,0,0,0,0,0,0,0,0,0,0,0,0,0,0,0,0,0,0,0,0,0,0,0,0,0,0,0,0,0,0,0,0,0,0,0,0
AB,"ORAŞ BAIA DE ARIEŞ",MUNCELU,2951,121,"CĂMINUL CULTURAL MUNCELU",U,299,131,15,0,0,146,12,11,11,28,19,8,2,7,33,15,2,1,5,1,1,1,1,0,0,2,1,0,1,2,2,2,1,1,0,1,0,1,1,0,2,3,2,3,1,0,0,0,2,2,3,1,1,1,2,0,1,3,1,1,2,1,3,0,3,1,1,1,1,1,0,2,0,1,1,1,0,4,1,0,1,0,0,0,0,0,0,0,0,0,0,0,0,0,0,0,0,0,0,0,0,0,0,0,0,0,0,0,0,0,0,0,0,0,0,0,0,0,0,1,3,1,0,0,2,1,0,0,0,0,0,0,0,1,1,0,0,2,0,2,0,0,1,1,1,0,0,2,4,2,2,1,2,1,1,2,1,1,2,1,3,2,1,1,2,2,1,1,2,1,3,0,0,0,2,1,0,0,1,0,1,2,0,0,0,0,0,0,0,0,0,0,0,0,0,0,0,0,0,0,0,0,0,0,0,0,0,0,0,0,0,0,0,0,0,0,0,0,0,0,0,0
AB,"ORAŞ BAIA DE ARIEŞ",SARTĂŞ,2960,122,"CĂMINUL CULTURAL SARTĂŞ",U,312,104,20,0,0,124,7,12,10,33,8,3,7,7,29,8,0,1,0,1,0,0,5,1,3,2,0,1,0,3,0,2,0,0,1,0,1,0,2,1,1,2,2,1,0,0,2,1,1,3,3,3,3,0,1,2,4,3,1,3,0,1,1,1,0,0,0,0,1,0,2,0,0,1,1,1,0,0,0,1,0,0,0,0,0,0,0,0,0,0,0,0,0,0,0,0,0,0,0,0,0,0,0,0,0,0,0,0,0,0,0,0,0,0,0,0,0,0,0,2,0,0,0,1,0,0,1,0,0,1,1,1,1,0,1,1,0,1,1,0,1,1,1,0,2,0,1,0,2,0,2,0,4,1,3,2,3,1,1,2,1,0,3,1,0,2,2,0,1,0,0,1,1,0,0,0,0,0,1,1,0,0,1,0,0,0,0,0,0,0,0,0,0,0,0,0,0,0,0,0,0,0,0,0,0,0,0,0,0,0,0,0,0,0,0,0,0,0,0,0,0,0
AB,"ORAŞ CÂMPENI",CÂMPENI,1464,123,"PRIMĂRIA ORAŞULUI CÎMPENI",U,1267,622,84,0,0,706,45,48,53,137,75,37,41,58,143,69,8,5,6,8,8,6,4,6,4,13,4,4,2,3,5,3,4,6,4,3,5,6,7,5,9,6,2,8,4,5,6,9,6,9,8,11,5,13,2,5,8,6,8,8,4,9,3,6,4,4,5,9,2,3,2,5,5,3,2,4,0,4,5,4,1,0,2,2,0,1,1,1,0,0,0,0,0,0,0,0,0,0,0,0,0,0,0,0,0,0,0,0,0,0,0,0,0,0,0,0,0,0,0,8,4,3,5,4,4,9,3,2,1,10,5,5,1,3,7,4,7,5,3,9,7,1,4,7,6,9,8,4,8,6,14,9,9,6,5,4,4,9,5,8,11,8,6,5,7,7,6,2,3,7,3,3,6,4,5,5,5,2,2,1,3,1,0,4,4,0,0,1,2,0,0,0,0,0,0,0,0,0,0,0,0,0,0,0,0,0,0,0,0,0,0,0,0,0,0,0,0,0,0,0,0,0
AB,"ORAŞ CÂMPENI",CÂMPENI,1464,124,"ŞCOALA GIMNAZIALĂ CÎMPENI",U,887,450,95,0,26,571,24,41,49,114,54,20,38,46,125,60,4,4,5,1,2,4,4,6,3,0,7,4,0,8,5,4,4,2,3,5,6,5,3,7,9,3,6,4,7,6,5,3,8,7,5,6,4,4,7,2,8,6,8,7,6,7,4,7,2,4,2,5,2,2,6,1,2,7,1,1,2,3,3,2,0,1,1,0,0,0,0,0,0,0,0,0,0,0,0,0,0,0,0,0,0,0,0,0,0,0,0,0,0,0,0,0,0,0,0,0,0,0,0,5,1,3,2,4,1,4,3,3,3,5,3,7,4,2,3,5,2,5,4,7,2,11,4,1,3,7,7,3,8,11,9,8,6,7,3,3,4,11,8,8,7,2,5,7,4,4,5,5,2,7,4,4,5,3,1,5,4,3,1,1,1,0,3,0,3,1,1,1,0,0,0,0,0,0,0,0,0,0,0,0,0,0,0,0,0,0,0,0,0,0,0,0,0,0,0,0,0,0,0,0,0,0
AB,"ORAŞ CÂMPENI",CÂMPENI,1464,125,"ȘCOALA GIMNAZIALĂ CÎMPENI",U,836,429,31,0,0,460,14,23,38,104,63,12,19,40,90,57,2,2,3,1,1,2,3,3,4,1,3,3,2,1,2,1,3,4,6,3,3,3,3,3,0,7,6,3,12,4,3,11,4,5,6,10,1,4,8,2,3,4,4,6,4,6,4,3,4,3,4,6,5,6,5,4,5,0,4,1,2,4,2,1,1,0,1,1,0,1,0,0,0,0,0,0,0,0,0,0,0,0,0,0,0,0,0,0,0,0,0,0,0,0,0,0,0,0,0,0,0,0,0,1,2,2,2,2,1,2,1,3,1,2,1,3,2,1,3,2,3,1,5,4,3,4,4,5,3,8,1,3,3,6,6,6,2,6,1,4,7,5,2,5,2,1,5,6,11,8,6,5,1,10,3,7,3,6,1,4,1,1,1,1,2,1,1,0,1,0,0,2,0,0,0,0,0,0,0,0,0,0,0,0,0,0,0,0,0,0,0,0,0,0,0,0,0,0,0,0,0,0,0,0,0,0
AB,"ORAŞ CÂMPENI",CÂMPENI,1464,126,"COLEGIUL NAŢIONAL ”AVRAM IANCU” CÎMPENI",U,882,455,50,0,0,505,14,39,32,112,42,25,34,44,124,39,3,2,1,1,1,3,3,2,3,4,2,6,5,5,4,4,4,0,4,3,5,2,3,2,2,4,7,2,6,4,1,5,5,4,7,5,3,1,6,7,11,12,8,6,6,9,4,6,3,3,4,7,2,4,4,2,0,0,0,1,0,0,1,2,2,0,0,0,0,1,0,0,0,0,0,0,0,0,0,0,0,0,0,0,0,0,0,0,0,0,0,0,0,0,0,0,0,0,0,0,0,0,0,9,6,2,1,1,1,5,3,4,2,2,5,5,3,5,3,2,5,3,5,3,5,8,9,1,3,2,5,4,5,5,5,6,10,10,2,5,3,11,4,7,9,8,7,7,4,7,3,7,4,2,2,3,3,6,1,3,0,2,1,0,2,0,0,0,0,0,0,0,0,0,0,0,0,0,0,0,0,0,0,0,0,0,0,0,0,0,0,0,0,0,0,0,0,0,0,0,0,0,0,0,0,0
AB,"ORAŞ CÂMPENI",CÂMPENI,1464,127,"COLEGIUL NAŢIONAL ”AVRAM IANCU” CÎMPENI",U,857,444,33,0,35,512,17,24,33,111,42,15,35,46,132,57,2,4,4,1,2,3,1,1,2,4,2,2,1,6,3,1,2,1,1,2,8,1,4,5,3,5,3,2,4,5,5,4,7,4,4,6,6,8,10,6,6,11,3,4,5,6,5,7,2,3,3,3,6,0,3,2,3,1,2,2,0,3,0,1,0,0,0,0,0,1,0,0,0,0,0,0,0,0,0,0,0,0,0,0,0,0,0,0,0,0,0,0,0,0,0,0,0,0,0,0,0,0,0,2,6,0,3,2,1,1,6,2,1,3,3,3,6,3,7,1,4,9,3,4,4,2,4,6,8,2,5,3,7,8,8,8,5,8,6,9,9,6,8,6,10,6,3,3,8,6,4,3,3,5,2,6,7,2,5,1,3,2,3,1,2,1,2,1,2,1,0,1,0,0,0,0,0,0,0,0,0,0,0,0,0,0,0,0,0,0,0,0,0,0,0,0,0,0,0,0,0,0,0,0,0,0
AB,"ORAŞ CÂMPENI",CÂMPENI,1464,128,"ŞCOALA PRIMARĂ VÎRŞI",U,548,227,27,0,0,254,5,21,17,62,28,6,12,22,50,31,0,0,2,0,1,2,0,0,2,0,2,2,4,3,2,3,3,1,1,2,2,0,1,4,2,3,1,1,3,4,8,2,3,4,2,3,4,8,5,2,4,2,2,0,3,0,2,1,1,3,3,2,2,1,1,3,2,1,2,1,0,4,0,0,0,0,0,1,0,0,0,0,0,0,0,0,0,0,0,0,0,0,0,0,0,0,0,0,0,0,0,0,0,0,0,0,0,0,0,0,0,0,0,0,2,1,0,3,0,0,1,2,0,0,0,1,2,2,1,3,1,1,1,2,1,5,4,3,2,2,2,1,1,2,2,4,8,2,2,2,2,5,2,2,0,0,3,2,4,4,0,0,2,4,4,4,2,2,2,1,3,1,3,1,1,1,0,0,0,0,0,0,0,0,0,0,0,0,0,0,0,0,0,0,0,0,0,0,0,0,0,0,0,0,0,0,0,0,0,0,0,0,0,0,0,0
AB,"ORAŞ CÂMPENI",CERTEGE,1507,129,"ŞCOALA PRIMARĂ CERTEGE",U,369,98,6,0,0,104,5,11,12,24,12,0,5,9,14,12,2,0,1,0,0,0,2,0,1,0,2,2,0,2,1,2,1,1,0,0,1,2,2,2,0,1,3,1,0,1,2,2,1,2,1,0,2,2,1,1,1,2,1,2,1,1,0,0,0,0,0,0,0,0,1,2,2,1,0,0,1,4,0,0,0,0,0,0,0,0,1,0,0,0,0,0,0,0,0,0,0,0,0,0,0,0,0,0,0,0,0,0,0,0,0,0,0,0,0,0,0,0,0,0,0,0,0,0,0,0,0,1,1,0,1,0,1,1,0,0,0,0,1,1,2,3,0,1,0,1,2,0,0,0,2,2,3,1,0,0,1,0,0,2,1,0,0,0,0,0,0,2,1,0,1,0,2,1,0,1,0,1,1,0,1,1,0,0,0,0,0,0,0,0,0,0,0,0,0,0,0,0,0,0,0,0,0,0,0,0,0,0,0,0,0,0,0,0,0,0,0,0,0,0,0,0
AB,"MUNICIPIUL ALBA IULIA","ALBA IULIA",1026,13,"COLEGIUL TEHNIC „APULUM”",U,1009,431,32,0,0,463,15,27,32,93,38,16,30,41,99,72,3,3,1,0,3,3,2,1,1,4,2,1,8,2,3,3,2,3,4,0,0,4,2,3,7,2,7,7,7,9,5,5,9,6,6,6,2,1,4,2,1,3,4,2,3,4,7,4,5,5,2,0,4,1,2,1,1,2,3,0,1,2,0,3,2,0,0,0,0,0,0,0,0,0,0,0,0,0,0,0,0,0,0,0,0,0,0,0,0,0,0,0,0,0,0,0,0,0,0,0,0,0,0,4,1,2,1,4,3,1,2,4,4,4,2,2,3,4,4,1,1,1,3,8,2,3,1,5,7,10,6,2,6,6,7,4,12,6,6,10,0,4,3,1,5,5,7,0,4,5,7,3,6,11,5,11,4,0,3,4,4,3,1,3,0,0,3,1,2,0,0,0,0,0,0,0,1,0,0,0,0,0,0,0,0,0,0,0,0,0,0,0,0,0,0,0,0,0,0,0,0,0,0,0,0,0
AB,"ORAŞ CÂMPENI",MIHOEŞTI,1598,130,"ŞCOALA PRIMARĂ MIHOEŞTI",U,269,126,12,0,0,138,6,12,13,33,11,5,9,15,27,7,1,1,0,0,2,1,1,1,3,1,0,1,1,2,1,0,2,3,3,3,1,1,0,0,0,1,1,1,5,2,1,3,1,1,2,1,1,1,0,1,2,5,1,0,0,2,3,1,0,1,1,1,0,0,1,1,0,0,0,1,1,0,0,1,1,0,0,1,0,0,0,0,0,0,0,0,0,0,0,0,0,0,0,0,0,0,0,0,0,0,0,0,0,0,0,0,0,0,0,0,0,0,0,2,1,1,0,1,0,0,0,0,3,1,1,1,0,1,0,2,1,1,0,1,3,2,3,1,1,2,2,1,1,3,2,0,0,0,2,0,2,1,3,1,3,2,1,0,3,0,0,1,0,0,1,0,0,0,1,0,0,0,2,0,0,1,0,1,0,0,0,0,0,0,0,0,0,0,0,0,0,0,0,0,0,0,0,0,0,0,0,0,0,0,0,0,0,0,0,0,0,0,0,0,0,0
AB,"ORAŞ CÂMPENI","VALEA BISTRII",1650,131,"ŞCOALA PRIMARĂ VALEA BISTRII",U,369,179,15,0,0,194,9,9,22,40,28,8,8,21,34,15,2,1,1,1,2,2,0,1,0,0,1,2,1,1,1,2,0,3,2,2,2,3,5,0,5,0,0,5,1,4,5,2,3,2,0,2,3,1,0,1,3,2,2,0,2,0,2,4,1,2,0,2,1,3,3,4,3,1,0,1,1,1,0,0,0,0,0,0,0,1,0,0,0,0,0,0,0,0,0,0,0,0,0,0,0,0,0,0,0,0,0,0,0,0,0,0,0,0,0,0,0,0,0,2,3,1,0,1,0,1,0,2,2,0,0,0,1,1,2,0,1,0,0,3,1,2,4,4,2,4,3,1,1,2,2,1,2,0,2,0,1,1,2,2,1,1,0,9,1,2,2,3,2,2,0,1,1,0,2,0,0,0,1,0,0,0,1,0,0,0,0,0,0,0,0,0,0,0,0,0,0,0,0,0,0,0,0,0,0,0,0,0,0,0,0,0,0,0,0,0,0,0,0,0,0,0
AB,"ORAŞ CUGIR",CUGIR,1703,132,"ŞCOALA GIMNAZIALĂ NR. 3 - CUGIR",U,1056,487,21,0,0,508,11,14,37,99,82,12,23,30,123,77,1,3,0,0,1,3,3,3,1,1,0,2,1,0,2,1,3,2,1,5,4,1,3,5,1,7,8,3,3,4,2,3,2,7,9,6,4,3,3,2,8,4,6,5,8,8,9,11,3,11,11,11,3,3,3,6,2,1,2,0,3,1,4,0,1,1,1,2,0,0,0,1,0,1,0,0,0,0,0,0,0,0,0,0,0,0,0,0,0,0,0,0,0,0,0,0,0,0,0,0,0,0,0,3,3,3,1,2,0,0,1,0,0,1,1,1,3,9,3,4,1,0,4,1,5,2,7,4,3,3,2,6,7,4,7,5,5,10,7,4,3,5,7,4,7,2,6,8,14,10,11,9,7,2,3,5,4,3,4,3,3,2,3,5,2,5,3,2,0,1,0,0,0,0,0,0,0,0,0,0,0,0,0,0,0,0,0,0,0,0,0,0,0,0,0,0,0,0,0,0,0,0,0,0,0,0
AB,"ORAŞ CUGIR",CUGIR,1703,133,"ŞCOALA GIMNAZIALĂ NR. 3 - CUGIR",U,1395,619,23,0,0,642,21,32,47,130,78,17,36,64,148,69,7,4,5,4,1,0,0,1,1,1,3,3,5,5,4,5,4,3,0,3,5,6,5,10,3,3,9,7,5,5,4,9,5,6,7,7,6,5,5,7,10,7,5,9,8,8,5,8,12,7,7,6,5,7,2,6,1,1,3,1,2,3,0,0,2,3,1,1,0,0,0,0,0,0,0,0,0,0,0,0,0,0,0,0,0,0,0,0,0,0,0,0,0,0,0,0,0,0,0,0,0,0,0,0,5,2,5,3,1,1,4,2,1,2,4,4,5,7,2,5,5,3,8,3,5,9,7,10,8,6,5,5,7,8,9,6,9,7,8,6,4,3,6,7,4,11,8,14,11,10,4,8,1,11,5,8,3,4,5,0,5,0,2,3,1,4,1,1,2,0,0,0,0,0,1,0,0,0,0,0,0,0,0,0,0,0,0,0,0,0,0,0,0,0,0,0,0,0,0,0,0,0,0,0,0,0
AB,"ORAŞ CUGIR",CUGIR,1703,134,"ŞCOALA GIMNAZIALĂ NR. 3 - CUGIR",U,1264,555,32,0,0,587,10,30,61,101,78,17,32,49,140,69,2,1,3,0,1,1,2,2,0,2,4,0,1,3,5,4,9,5,1,6,5,11,8,11,5,2,7,7,6,2,3,5,7,4,4,2,4,3,3,6,3,3,6,7,11,9,6,11,13,13,13,9,2,3,1,5,2,1,1,0,0,0,2,1,1,0,0,0,0,0,0,0,0,0,0,0,0,0,0,0,0,0,0,0,0,0,0,0,0,0,0,0,0,0,0,0,0,0,0,0,0,0,0,2,2,1,4,4,3,1,1,2,2,3,6,3,3,3,4,5,3,4,6,3,7,5,8,7,4,2,1,6,4,4,10,5,2,9,4,7,5,3,8,8,24,7,15,8,7,3,12,6,13,4,6,8,3,6,2,2,2,0,1,0,1,0,0,0,2,1,0,0,0,0,0,0,0,0,0,0,0,0,0,0,0,0,0,0,0,0,0,0,0,0,0,0,0,0,0,0,0,0,0,0,0,0
AB,"ORAŞ CUGIR",CUGIR,1703,135,"ŞCOALA GIMNAZIALĂ NR. 3 - CUGIR",U,1128,516,17,0,0,533,10,38,37,99,66,9,34,44,144,52,2,1,1,4,0,2,0,0,0,5,4,2,2,3,7,6,9,3,3,0,6,5,1,7,5,5,2,3,2,2,1,0,4,1,6,1,1,5,7,3,4,4,11,9,12,10,13,14,9,6,6,4,2,5,3,0,3,0,2,0,2,2,1,0,1,3,1,0,0,1,0,1,0,0,0,0,0,0,0,0,0,0,0,0,0,0,0,0,0,0,0,0,0,0,0,0,0,0,0,0,0,0,0,3,1,0,1,2,0,2,4,2,1,3,2,3,3,7,7,2,1,9,2,2,8,5,3,5,7,2,5,2,3,3,4,4,5,6,3,5,6,10,9,12,19,7,8,10,10,13,8,7,7,4,3,2,5,5,1,0,2,1,0,1,0,3,0,2,0,1,0,0,0,0,0,0,0,0,0,0,0,0,0,0,0,0,0,0,0,0,0,0,0,0,0,0,0,0,0,0,0,0,0,0,0,0
AB,"ORAŞ CUGIR",CUGIR,1703,136,"ȘCOALA GIMNAZIALĂ NR.3 CUGIR",U,1023,473,22,0,0,495,5,29,49,89,75,7,29,32,126,54,0,0,1,1,1,1,1,1,0,2,2,5,4,4,5,2,4,4,4,5,5,7,4,8,4,7,1,5,1,1,0,3,4,2,9,2,3,0,3,4,10,5,4,6,10,9,8,7,9,8,14,14,5,6,5,3,2,2,0,0,0,0,0,0,0,0,0,0,0,0,0,0,0,0,0,0,0,0,0,0,0,0,0,0,0,0,0,0,0,0,0,0,0,0,0,0,0,0,0,0,0,0,0,2,1,1,0,2,0,1,3,3,1,2,2,5,3,5,3,2,5,5,1,0,9,2,3,2,0,5,3,1,4,4,2,4,4,3,6,4,3,4,4,6,7,8,15,18,14,12,10,12,11,3,5,3,4,2,2,0,0,0,1,0,0,1,0,0,0,0,0,0,0,0,0,0,0,0,0,0,0,0,0,0,0,0,0,0,0,0,0,0,0,0,0,0,0,0,0,0,0,0,0,0,0,0
AB,"ORAŞ CUGIR",CUGIR,1703,137,"COLEGIUL NAŢIONAL ”DAVID PRODAN” CUGIR",U,1083,484,38,0,0,522,10,36,40,108,49,9,37,47,148,38,2,3,1,1,1,1,1,2,2,2,2,2,7,3,8,6,2,2,3,4,7,4,4,4,6,2,4,3,2,4,1,0,1,9,5,3,5,6,6,5,8,6,3,12,10,14,5,3,9,5,5,7,7,0,3,2,3,1,0,0,1,2,0,0,0,0,1,0,0,0,0,0,0,0,0,0,0,0,0,0,0,0,0,0,0,0,0,0,0,0,0,0,0,0,0,0,0,0,0,0,0,0,0,3,0,0,1,1,0,4,0,4,5,7,4,4,4,3,3,3,5,0,7,3,7,9,6,1,4,5,3,4,6,1,3,2,10,7,5,3,10,4,7,12,11,13,9,11,13,14,5,7,7,3,2,2,1,1,2,0,1,0,1,1,1,2,1,1,0,0,0,0,0,0,0,0,0,0,0,0,0,0,0,0,0,0,0,0,0,0,0,0,0,0,0,0,0,0,0,0,0,0,0,0,0,0
AB,"ORAŞ CUGIR",CUGIR,1703,138,"COLEGIUL NAŢIONAL ”DAVID PRODAN” CUGIR",U,1047,500,24,0,0,524,13,24,37,95,79,8,23,28,123,94,0,3,4,2,2,1,1,3,0,1,3,1,4,5,2,0,5,4,2,7,7,3,3,2,4,3,2,8,1,2,3,5,1,5,7,1,4,7,2,2,5,4,7,8,11,6,6,12,6,10,9,8,5,4,4,3,3,0,0,2,3,0,2,2,2,3,0,1,0,0,0,0,0,0,0,0,0,0,0,0,0,0,0,0,0,0,0,0,0,0,0,0,0,0,0,0,0,0,0,0,0,0,0,1,3,2,0,1,0,1,0,2,6,2,0,1,2,5,4,1,4,0,2,2,2,3,2,6,5,2,4,2,1,4,4,9,6,5,4,4,5,8,4,1,2,10,14,9,17,10,13,8,9,7,9,3,6,5,2,2,1,4,6,2,7,1,4,1,1,1,0,2,0,0,0,0,0,0,0,0,0,0,0,0,0,0,0,0,0,0,0,0,0,0,0,0,0,0,0,0,0,0,0,0,0,0
AB,"ORAŞ CUGIR",CUGIR,1703,139,"ŞCOALA GIMNAZIALĂ ”SINGIDAVA” CUGIR",U,1182,521,21,0,0,542,12,22,35,96,80,16,35,31,134,81,5,0,1,2,1,3,0,2,0,0,4,2,4,2,1,4,3,1,5,4,4,3,6,4,3,3,2,6,3,6,4,8,6,6,3,4,0,2,3,5,6,7,4,8,3,6,6,7,5,11,8,8,8,5,5,2,2,0,4,2,2,3,0,2,0,3,2,1,0,0,0,0,0,0,0,0,0,0,0,0,0,0,0,0,0,0,0,0,0,0,0,0,0,0,0,0,0,0,0,0,0,0,0,2,1,2,2,2,6,1,0,2,5,0,1,6,8,6,1,6,1,0,1,5,6,1,6,3,7,1,1,2,3,4,7,8,7,9,4,9,5,6,5,9,7,12,4,13,9,10,10,9,6,9,9,5,4,4,4,7,2,2,1,1,2,3,2,1,0,0,0,0,0,0,0,0,0,0,0,0,0,0,0,0,0,0,0,0,0,0,0,0,0,0,0,0,0,0,0,0,0,0,0,0,0,0
AB,"MUNICIPIUL ALBA IULIA","ALBA IULIA",1026,14,"COLEGIUL TEHNIC „APULUM”",U,1150,477,41,0,0,518,15,31,61,91,52,11,30,54,117,56,5,1,2,1,1,3,2,2,0,0,3,7,1,5,7,2,4,5,7,7,6,6,6,10,6,3,5,5,4,4,8,5,5,5,3,5,2,0,3,2,5,5,6,3,6,6,9,8,7,4,1,2,8,2,2,3,1,3,1,4,3,1,0,2,0,0,0,0,0,0,0,0,0,0,0,0,0,0,0,0,0,0,0,0,0,0,0,0,0,0,0,0,0,0,0,0,0,0,0,0,0,0,0,0,3,1,5,1,0,1,2,1,2,3,4,5,5,2,3,3,4,3,6,8,10,7,4,1,0,11,4,3,5,5,8,6,9,4,2,5,4,5,5,4,7,4,6,15,6,10,6,8,7,2,5,6,6,4,1,0,3,2,3,0,1,0,1,0,1,0,0,0,0,0,0,0,0,0,0,0,0,0,0,0,0,0,0,0,0,0,0,0,0,0,0,0,0,0,0,0,0,0,0,0,0,0
AB,"ORAŞ CUGIR",CUGIR,1703,140,"ŞCOALA GIMNAZIALĂ ”SINGIDAVA” CUGIR",U,1351,633,35,0,20,688,23,29,49,147,83,10,33,43,151,120,2,3,6,3,4,2,3,2,2,4,3,2,7,2,4,1,2,5,3,5,6,7,6,6,6,3,2,5,5,7,7,6,8,7,11,6,6,10,6,6,10,8,3,9,13,7,7,11,5,7,4,8,7,3,1,5,3,9,2,2,1,2,3,1,1,1,2,2,0,1,0,1,0,0,1,0,0,0,0,0,0,0,0,0,0,0,0,0,0,0,0,0,0,0,0,0,0,0,0,0,0,0,0,0,4,1,2,0,1,2,1,4,3,2,6,4,4,4,4,1,3,3,9,0,3,3,6,7,7,2,8,7,6,2,9,4,20,8,6,6,7,5,3,10,9,9,10,7,8,7,8,7,4,5,7,5,10,2,11,9,10,2,4,8,6,5,1,6,2,2,1,1,1,3,0,0,0,0,0,0,0,0,0,0,0,0,0,0,0,0,0,0,0,0,0,0,0,0,0,0,0,0,0,0,0,0
AB,"ORAŞ CUGIR",CUGIR,1703,141,"ŞCOALA GIMNAZIALĂ ”SINGIDAVA” CUGIR",U,1152,385,25,0,0,410,21,38,41,83,31,18,31,46,79,22,6,7,3,2,1,2,0,1,2,6,3,7,5,3,6,3,2,5,2,2,1,4,8,6,9,1,3,5,2,4,2,6,6,8,6,5,8,5,3,1,4,2,7,3,2,2,2,2,4,2,1,5,4,3,0,3,3,0,0,0,2,1,1,0,0,0,0,0,0,0,0,0,0,0,0,0,0,0,0,0,0,0,0,0,0,0,0,0,0,0,0,0,0,0,0,0,0,0,0,0,0,0,0,1,1,7,2,1,3,3,4,4,2,2,2,3,3,4,4,3,2,3,5,4,4,6,7,5,7,3,2,4,1,2,2,5,6,5,5,4,5,1,7,5,1,4,2,6,5,7,2,3,3,1,1,1,0,4,1,0,1,3,0,1,1,0,0,0,0,0,0,0,0,0,0,0,0,0,0,0,0,0,0,0,0,0,0,0,0,0,0,0,0,0,0,0,0,0,0,0,0,0,0,0,0,0
AB,"ORAŞ CUGIR",CUGIR,1703,142,"GRĂDINIŢA CU PROGRAM NORMAL ”VOINICEL” CUGIR",U,1240,617,14,0,0,631,14,32,40,125,92,6,34,37,150,101,2,0,3,3,2,3,1,2,1,0,3,4,4,5,6,5,2,2,3,6,3,5,3,6,6,3,3,8,3,1,7,6,3,10,8,2,5,8,9,6,2,4,8,9,9,5,12,9,12,7,8,2,13,5,3,4,3,4,2,1,6,2,2,2,1,2,3,0,0,1,0,0,0,0,0,0,0,0,0,0,0,0,0,0,0,0,0,0,0,0,0,0,0,0,0,0,0,0,0,0,0,0,0,1,1,1,1,0,2,0,1,2,2,5,2,4,6,1,7,4,1,2,4,8,4,4,4,2,3,5,7,0,4,8,5,4,10,11,1,8,8,8,10,7,8,10,9,10,13,9,12,9,1,7,7,10,4,5,6,5,4,3,4,2,2,7,6,1,1,1,3,1,0,0,0,0,0,0,0,0,0,0,0,0,0,0,0,0,0,0,0,0,0,0,0,0,0,0,0,0,0,0,0,0,0,0
AB,"ORAŞ CUGIR",CUGIR,1703,143,"COLEGIUL TEHNIC ”I.D.LĂZĂRESCU” CUGIR",U,1050,429,23,0,0,452,12,22,36,98,57,8,21,32,99,67,2,4,2,0,1,0,3,1,2,0,1,0,4,4,1,7,2,1,3,2,3,3,6,4,3,9,2,4,4,7,1,3,3,7,5,2,7,8,6,3,9,6,6,6,5,4,2,2,2,6,5,6,3,3,2,2,0,1,2,4,1,4,6,1,1,0,2,2,0,0,0,0,2,0,0,0,0,0,0,0,0,0,0,0,0,0,0,0,0,0,0,0,0,0,0,0,0,0,0,0,0,0,0,1,1,1,1,1,3,0,1,3,3,2,3,4,1,1,2,1,1,1,3,3,4,8,3,4,2,3,3,1,4,8,5,9,8,6,7,6,1,6,3,5,8,2,3,8,4,2,5,4,5,6,3,4,4,4,0,4,3,2,5,2,5,4,2,4,0,0,1,0,0,0,0,0,0,0,0,0,0,0,0,0,0,0,0,0,0,0,0,0,0,0,0,0,0,0,0,0,0,0,0,0,0,0
AB,"ORAŞ CUGIR",CUGIR,1703,144,"CASA DE CULTURĂ A ORAŞULUI CUGIR",U,1325,625,38,0,0,663,17,34,42,128,109,18,32,46,126,111,3,4,0,4,2,2,2,3,0,1,2,4,4,3,5,6,6,6,7,0,3,1,7,4,4,3,7,7,5,3,8,5,4,12,7,5,4,5,5,7,3,7,10,5,9,10,7,5,16,7,9,4,7,8,8,4,1,3,2,7,7,4,4,2,4,1,3,1,0,0,0,0,0,1,0,1,0,0,0,0,0,0,0,0,0,0,0,0,0,0,0,0,0,0,0,0,0,0,0,0,0,0,0,3,2,4,1,1,5,2,0,2,4,2,2,8,1,5,5,3,3,4,2,7,8,3,4,3,6,6,7,4,1,5,5,10,12,4,9,3,6,7,4,6,6,2,9,7,8,11,14,6,6,5,5,12,5,7,7,6,3,3,5,4,6,3,5,2,3,1,0,1,0,0,2,0,0,0,0,0,0,0,0,0,0,0,0,0,0,0,0,0,0,0,0,0,0,0,0,0,0,0,0,0,0,0
AB,"ORAŞ CUGIR",CUGIR,1703,145,"GRĂDINIŢA CU PROGRAM NORMAL NR. 2 - CUGIR",U,1182,574,35,0,0,609,14,30,56,111,88,7,29,46,126,102,0,2,2,2,3,0,5,2,3,0,3,1,3,3,6,2,7,5,5,3,7,5,6,7,8,4,6,5,2,6,3,5,5,11,8,10,3,7,4,3,2,4,4,6,9,5,9,5,6,12,5,9,9,5,7,3,5,1,4,2,0,2,1,1,2,3,1,3,1,0,0,1,0,0,0,0,0,0,0,0,0,0,0,0,0,0,0,0,0,0,0,0,0,0,0,0,0,0,0,0,0,0,0,1,3,1,0,0,0,2,0,0,4,2,3,3,2,5,4,6,7,4,6,2,6,4,2,4,6,5,7,2,2,2,8,5,15,2,6,8,4,4,5,7,7,5,5,10,15,7,10,7,8,5,8,9,6,4,6,3,1,1,5,4,5,5,2,3,4,2,1,0,0,1,1,1,0,0,0,0,0,0,0,0,0,0,0,0,0,0,0,0,0,0,0,0,0,0,0,0,0,0,0,0,0,0
AB,"ORAŞ CUGIR",CUGIR,1703,146,"ŞCOALA GIMNAZIALĂ ”IOSIF PERVAIN” CUGIR",U,1080,529,37,0,0,566,13,36,37,112,75,13,26,37,118,99,1,1,1,3,2,3,2,3,4,3,3,2,5,2,4,4,6,5,3,2,4,1,1,4,6,8,3,5,5,3,2,4,4,9,9,4,6,8,7,5,6,9,5,5,4,6,6,5,5,6,2,5,11,6,5,1,3,4,1,2,3,3,3,4,0,2,1,2,0,0,0,0,0,0,1,0,0,0,0,0,0,0,0,0,0,0,0,0,0,0,0,0,0,0,0,0,0,0,0,0,0,0,0,2,3,1,1,3,1,2,2,2,5,2,1,3,1,3,2,5,5,3,0,3,7,1,3,6,6,3,2,1,6,3,4,7,8,6,6,5,5,8,6,4,8,5,6,12,6,10,13,4,4,8,8,7,12,5,4,4,4,2,2,9,2,0,3,3,1,0,1,2,0,0,0,0,0,1,0,0,0,0,0,0,0,0,0,0,0,0,0,0,0,0,0,0,0,0,0,0,0,0,0,0,0,0
AB,"ORAŞ CUGIR",CUGIR,1703,147,"ŞCOALA GIMNAZIALĂ ”IOSIF PERVAIN” CUGIR",U,1133,615,42,0,0,657,16,44,49,141,82,15,34,40,143,93,5,4,1,2,1,2,1,2,1,2,2,7,7,3,5,7,8,6,2,3,8,5,5,5,3,6,6,8,10,4,7,6,13,6,6,10,5,2,8,5,9,8,3,9,8,5,9,3,6,7,4,7,8,5,4,4,7,1,2,1,2,4,3,1,4,3,0,2,1,2,1,0,0,0,0,0,0,0,0,0,0,0,0,0,0,0,0,0,0,0,0,0,0,0,0,0,0,0,0,0,0,0,0,2,2,1,0,5,1,4,3,3,3,6,1,3,4,4,4,3,1,5,7,4,4,3,6,3,3,4,5,5,7,5,6,5,13,11,11,2,7,6,2,3,8,4,9,10,10,14,6,10,7,10,8,4,6,3,7,5,4,4,1,1,4,3,3,1,1,2,2,0,0,0,1,0,0,0,0,0,0,0,0,0,0,0,0,0,0,0,0,0,0,0,0,0,0,0,0,0,0,0,0,0,0,0
AB,"ORAŞ CUGIR",CUGIR,1703,148,"ȘCOALA GIMNAZIALĂ IOSIF PERVAIN CUGIR",U,1137,468,22,0,1,491,17,30,36,102,59,18,23,39,101,66,2,3,1,5,1,3,2,2,2,4,2,5,3,5,3,3,1,4,2,5,4,4,3,2,4,5,3,4,3,4,7,5,8,11,6,0,4,7,2,7,7,5,6,4,1,5,6,5,11,4,3,4,7,3,3,4,2,2,1,1,1,2,3,1,0,0,1,0,1,0,0,0,0,0,0,0,0,0,0,0,0,0,0,0,0,0,0,0,0,0,0,0,0,0,0,0,0,0,0,0,0,0,0,3,4,4,2,0,2,3,3,0,3,4,2,3,3,0,2,3,3,4,4,3,4,3,8,2,3,5,5,5,3,3,6,5,5,3,4,3,4,7,10,5,2,5,5,5,10,6,6,7,4,3,4,4,5,3,3,5,6,4,3,2,0,3,2,0,0,2,0,0,0,0,0,0,0,0,0,0,0,0,0,0,0,0,0,0,0,0,0,0,0,0,0,0,0,0,0,0,0,0,0,0,0,0
AB,"ORAŞ CUGIR",BUCURU,1721,149,"ŞCOALA PRIMARĂ - BUCURU",U,98,27,9,0,0,36,0,2,5,13,4,4,1,2,5,0,0,0,0,0,0,0,0,0,0,0,0,0,0,0,0,1,1,1,0,1,2,0,0,1,0,0,0,1,0,1,2,1,2,2,0,0,0,0,0,1,0,0,1,0,0,1,1,0,0,1,0,1,0,0,1,0,0,0,0,0,1,0,0,0,0,0,0,0,0,0,0,0,0,0,0,0,0,0,0,0,0,0,0,0,0,0,0,0,0,0,0,0,0,0,0,0,0,0,0,0,0,0,0,0,1,0,0,1,1,1,0,0,1,0,0,0,0,0,0,0,0,0,0,0,0,0,1,0,1,0,0,2,0,1,0,0,0,0,0,0,0,0,1,0,0,0,0,0,1,0,0,0,0,0,0,0,0,0,0,0,0,0,0,0,0,0,0,0,0,0,0,0,0,0,0,0,0,0,0,0,0,0,0,0,0,0,0,0,0,0,0,0,0,0,0,0,0,0,0,0,0,0,0,0,0,0
AB,"MUNICIPIUL ALBA IULIA","ALBA IULIA",1026,15,"GRĂDINIŢA CU PROGRAM PRELUNGIT NR.9",U,1377,585,181,0,0,766,58,63,70,117,58,48,71,70,154,57,2,14,11,9,7,10,5,5,3,10,5,8,7,8,12,2,3,8,5,6,6,8,7,7,9,8,6,4,7,9,6,3,4,4,6,6,3,5,4,8,7,8,6,3,9,7,8,10,7,9,7,8,3,3,3,1,1,2,1,0,2,0,0,0,1,0,0,0,0,0,0,0,0,0,0,0,0,0,0,0,0,0,0,0,0,0,0,0,0,0,0,0,0,0,0,0,0,0,0,0,0,0,0,4,9,6,6,5,9,9,9,8,3,8,2,7,10,6,12,6,5,4,9,5,11,8,8,7,4,9,3,8,8,7,10,6,12,6,3,5,12,2,7,9,9,13,8,8,8,10,6,6,9,4,4,4,9,4,1,3,0,0,2,0,1,0,1,0,0,1,1,0,1,0,0,0,0,0,0,0,0,0,0,0,0,0,0,0,0,0,0,0,0,0,0,0,0,0,0,0,0,0,0,0,0,0
AB,"ORAŞ CUGIR",CĂLENE,1730,150,"ŞCOALA PRIMARĂ - CĂLENE",U,48,20,13,0,0,33,1,2,6,8,2,2,3,5,2,2,0,0,0,0,1,0,0,0,0,0,0,0,1,0,0,1,0,0,1,0,0,1,0,0,2,2,0,0,1,0,2,0,0,0,1,0,0,0,0,1,0,0,1,1,1,0,0,1,0,0,0,1,0,0,0,0,0,0,0,0,0,0,0,0,0,0,0,0,0,0,0,0,0,0,0,0,0,0,0,0,0,0,0,0,0,0,0,0,0,0,0,0,0,0,0,0,0,0,0,0,0,0,0,0,0,0,0,0,0,2,0,0,0,0,0,0,0,0,0,3,0,0,0,1,3,0,0,0,0,1,0,0,0,0,0,0,1,0,0,0,0,0,0,0,0,0,0,1,0,0,0,0,0,0,1,0,0,1,0,0,0,0,0,0,0,0,0,0,0,0,0,0,0,0,0,0,0,0,0,0,0,0,0,0,0,0,0,0,0,0,0,0,0,0,0,0,0,0,0,0,0,0,0,0,0,0
AB,"ORAŞ CUGIR",MUGEŞTI,1767,151,"ŞCOALA PRIMARĂ - MUGEŞTI",U,91,27,10,0,0,37,3,4,6,8,5,0,4,4,2,1,0,0,0,1,1,1,0,1,0,0,0,0,1,0,1,1,0,1,0,0,1,0,1,0,0,1,2,1,0,0,0,1,1,0,0,0,1,1,0,0,1,0,1,0,0,1,0,0,2,1,0,0,1,0,0,0,0,0,1,0,0,0,0,0,0,0,0,0,0,0,0,0,0,0,0,0,0,0,0,0,0,0,0,0,0,0,0,0,0,0,0,0,0,0,0,0,0,0,0,0,0,0,0,0,0,0,0,0,0,0,0,0,0,0,0,1,0,2,1,0,1,0,0,0,1,0,0,2,0,0,0,0,0,0,0,0,1,1,0,0,0,0,0,0,0,0,0,0,0,0,0,0,1,0,0,0,0,0,0,0,0,0,0,0,0,0,0,0,0,0,0,0,0,0,0,0,0,0,0,0,0,0,0,0,0,0,0,0,0,0,0,0,0,0,0,0,0,0,0,0,0,0,0,0,0,0
AB,"ORAŞ CUGIR",VINEREA,1776,152,"ȘCOALA GIMNAZIALĂ IOAN MIHU - VINEREA",U,1056,540,27,0,0,567,10,37,43,125,64,14,35,51,105,83,0,2,2,2,0,1,3,4,3,4,4,2,6,1,4,5,4,3,2,2,5,5,3,8,6,2,7,7,5,6,4,6,12,9,9,5,8,6,5,3,6,8,5,4,3,7,7,6,5,3,6,7,6,3,1,3,2,6,1,4,1,1,3,1,2,1,1,0,1,0,0,0,0,0,0,0,0,0,0,0,0,0,0,0,0,0,0,0,0,0,0,0,0,0,0,0,0,0,0,0,0,0,0,1,0,1,2,2,3,5,4,2,3,5,2,1,5,5,7,1,2,3,9,3,9,4,3,3,4,11,4,7,4,5,3,9,8,7,5,5,4,4,2,6,8,4,2,5,5,8,5,5,2,10,10,7,5,5,4,6,1,3,2,4,2,5,1,2,1,0,1,1,0,1,0,0,0,0,0,0,0,0,0,0,0,0,0,0,0,0,0,0,0,0,0,0,0,0,0,0,0,0,0,0,0,0
AB,"ORAŞ CUGIR",VINEREA,1776,153,"ŞCOALA GIMNAZIALĂ ”IOAN MIHU” VINEREA",U,908,498,13,0,1,512,16,34,29,107,69,18,21,32,108,78,0,2,3,1,5,3,2,1,4,5,2,1,6,2,7,3,3,1,1,3,2,3,6,2,3,4,4,2,1,5,2,4,6,14,14,5,5,8,4,7,3,5,3,5,4,7,3,6,7,7,3,6,1,1,4,2,2,6,0,2,5,0,5,5,3,1,0,1,1,0,0,0,0,1,0,0,0,0,0,0,0,0,0,0,0,0,0,0,0,0,0,0,0,0,0,0,0,0,0,0,0,0,0,2,2,2,4,1,5,2,4,2,0,3,1,2,1,2,2,4,2,5,3,2,2,1,4,6,3,4,1,3,9,7,12,7,6,6,4,4,4,2,1,3,5,8,6,6,7,7,9,4,4,3,5,8,1,4,6,5,2,3,2,5,6,4,3,0,3,1,0,0,0,0,0,0,0,0,0,0,0,0,0,0,0,0,0,0,0,0,0,0,0,0,0,0,0,0,0,0,0,0,0,0,0,0
AB,"ORAŞ OCNA MUREŞ","OCNA MUREŞ",1801,154,"GRĂDINIŢA CU PROGRAM NORMAL NR. 5",U,1388,595,20,0,0,615,28,32,41,171,47,22,29,48,145,52,6,2,8,1,1,3,7,1,2,1,5,8,3,2,3,6,1,2,3,3,3,4,4,6,8,4,4,9,11,9,9,8,15,9,9,6,2,7,9,5,7,9,9,4,15,6,13,6,3,4,2,5,4,6,3,3,2,0,0,1,1,0,2,2,0,1,1,0,1,0,0,0,0,0,0,0,0,0,0,0,0,0,0,0,0,0,0,0,0,0,0,0,0,0,0,0,0,0,0,0,0,0,0,5,3,1,3,4,4,2,2,2,4,4,2,3,5,5,0,2,6,5,1,3,3,5,2,7,13,3,9,11,8,6,5,8,7,5,6,5,4,7,9,8,10,11,9,3,4,10,4,3,5,6,4,4,4,2,4,1,3,3,5,1,0,1,0,2,0,0,0,0,0,0,0,0,0,0,0,0,0,0,0,0,0,0,0,0,0,0,0,0,0,0,0,0,0,0,0,0,0,0,0,0,0,0
AB,"ORAŞ OCNA MUREŞ","OCNA MUREŞ",1801,155,"ȘCOALA GIMNAZIALĂ ”LUCIAN BLAGA”",U,1158,508,44,0,0,552,18,26,33,115,64,15,31,39,122,89,0,2,6,4,2,1,3,3,2,4,4,0,2,2,2,6,1,3,3,2,2,5,2,5,5,4,2,7,5,3,7,9,9,6,14,5,2,4,6,6,3,1,7,2,5,7,7,8,7,6,7,3,1,6,2,2,2,4,2,0,0,2,2,3,2,1,0,0,1,1,2,0,0,0,0,0,0,0,0,0,0,0,0,0,0,0,0,0,0,0,0,0,0,0,0,0,0,0,0,0,0,0,0,1,3,3,3,1,2,2,1,2,4,3,5,5,2,3,3,3,1,3,2,8,2,4,1,3,5,10,5,6,7,8,4,7,9,8,5,3,4,5,2,6,7,4,8,8,5,11,14,7,4,8,8,6,3,4,7,3,5,2,2,2,1,2,4,1,2,3,0,0,0,0,0,0,0,1,0,0,0,0,0,0,0,0,0,0,0,0,0,0,0,0,0,0,0,0,0,0,0,0,0,0,0,0
AB,"ORAŞ OCNA MUREŞ","OCNA MUREŞ",1801,156,"CASA DE CULTURĂ ”ION SÂNGEREANU”",U,1237,482,66,0,0,548,23,21,39,111,74,11,31,43,123,72,2,2,4,1,2,7,5,1,1,3,3,1,2,4,2,1,3,3,4,4,4,6,6,5,2,4,1,6,6,6,4,11,5,5,8,2,6,6,7,3,3,5,3,4,3,9,9,9,7,5,7,8,6,4,3,1,1,1,2,5,3,2,1,2,2,1,1,0,1,0,1,0,0,0,0,1,0,0,0,0,0,0,0,0,0,0,0,0,0,0,0,0,0,0,0,0,0,0,0,0,0,0,0,3,2,1,1,2,1,1,1,3,1,3,6,3,5,3,2,4,2,1,1,6,6,5,4,5,7,6,7,7,5,4,4,10,6,7,2,3,6,1,5,2,9,8,11,9,7,10,5,7,3,8,8,6,6,2,3,4,5,2,2,2,2,2,0,2,1,2,0,0,0,0,0,0,0,0,0,0,0,0,0,0,0,0,0,0,0,0,0,0,0,0,0,0,0,0,0,0,0,0,0,0,0,0
AB,"ORAŞ OCNA MUREŞ","OCNA MUREŞ",1801,157,"DIRECŢIA SANITAR-VETERINARĂ ŞI PENTRU SIGURANŢA ALIMENTELOR OCNA MUREŞ",U,1098,426,34,0,0,460,14,12,28,103,67,17,18,36,91,74,3,2,2,2,2,2,1,3,0,0,3,1,1,1,2,0,1,2,1,3,1,2,5,1,4,5,4,7,9,6,1,8,11,4,7,4,2,5,7,5,1,2,2,2,4,7,9,1,5,7,8,1,7,6,7,2,3,3,3,1,2,0,1,1,4,4,0,0,1,0,0,0,0,0,0,0,0,0,0,0,0,0,0,0,0,0,0,0,0,0,0,0,0,0,0,0,0,0,0,0,0,0,0,4,3,4,0,1,1,4,1,2,0,2,3,1,2,1,4,2,1,2,2,5,2,5,1,5,5,8,8,6,6,7,4,4,8,3,4,4,1,3,0,6,5,5,3,5,3,6,5,7,8,6,9,8,4,7,2,3,2,0,3,2,2,1,1,2,2,0,0,0,0,0,0,0,0,0,0,0,0,0,0,0,0,0,0,0,0,0,0,0,0,0,0,0,0,0,0,0,0,0,0,0,0,0
AB,"ORAŞ OCNA MUREŞ","OCNA MUREŞ",1801,158,"LICEUL TEORETIC ”PETRU MAIOR”",U,1342,493,40,0,0,533,22,32,32,91,78,22,38,46,98,74,4,2,5,2,3,3,3,3,2,2,1,5,5,2,4,4,4,1,6,3,1,1,4,4,2,3,7,5,7,8,6,7,2,9,7,1,2,4,2,1,2,5,5,11,1,1,5,4,10,7,8,2,1,5,3,3,7,1,2,2,2,0,5,5,0,0,2,1,2,1,1,3,1,0,0,0,0,0,0,0,0,0,0,0,0,0,0,0,0,0,0,0,0,0,0,0,0,0,0,0,0,0,0,4,4,2,2,3,2,5,5,3,4,2,2,5,6,4,6,1,3,2,2,3,2,4,8,5,9,8,8,4,5,3,3,5,5,5,7,3,5,5,7,4,1,6,4,4,9,5,8,7,2,7,6,4,5,3,2,3,1,2,4,3,2,4,3,1,2,1,1,1,0,0,1,0,1,0,0,0,0,0,0,0,0,0,0,0,0,0,0,0,0,0,0,0,0,0,0,0,0,0,0,0,0,0
AB,"ORAŞ OCNA MUREŞ","OCNA MUREŞ",1801,159,"GRĂDINIŢA CU PROGRAM NORMAL NR. 3",U,1450,623,45,0,0,668,33,45,41,154,50,19,52,51,158,65,5,7,4,3,4,5,5,2,6,3,4,13,3,4,5,2,3,2,3,3,7,4,5,3,2,4,8,7,3,9,4,7,9,10,17,5,4,8,8,9,8,6,11,7,7,7,8,4,5,8,3,0,6,1,4,0,3,2,1,2,1,1,2,3,1,2,0,1,0,0,0,0,0,0,0,0,0,0,0,0,0,0,0,0,0,0,0,0,0,0,0,0,0,0,0,0,0,0,0,0,0,0,0,2,6,4,2,1,2,2,6,5,4,4,3,6,5,3,8,8,6,0,7,3,3,2,5,6,10,9,7,8,14,9,14,11,8,9,7,5,7,5,12,9,5,5,7,8,3,5,5,3,6,7,6,3,3,4,3,4,3,0,2,2,2,3,1,3,0,1,3,0,1,0,0,0,0,0,0,0,0,0,0,0,0,0,0,0,0,0,0,0,0,0,0,0,0,0,0,0,0,0,0,0,0,0
AB,"MUNICIPIUL ALBA IULIA","ALBA IULIA",1026,16,"SEMINARUL TEOLOGIC ORTODOX „SFÂNTUL SIMION ŞTEFAN”",U,1345,665,74,0,146,885,17,56,72,158,103,22,79,82,190,106,4,3,1,0,4,4,1,2,3,0,4,6,5,4,13,8,11,7,4,6,9,9,8,5,8,5,11,6,8,6,10,4,6,14,7,9,5,6,8,8,11,5,6,10,9,9,11,14,7,13,9,10,4,3,11,3,0,3,0,2,3,1,6,4,2,2,4,1,0,0,0,0,0,0,0,1,0,0,0,0,0,0,0,0,0,0,0,0,0,0,0,0,0,0,0,0,0,0,0,0,0,0,0,3,6,1,3,2,4,3,2,3,7,9,15,8,11,6,9,9,4,11,10,9,9,8,12,7,5,7,7,14,10,8,6,6,12,14,10,7,7,3,10,12,11,10,10,16,5,12,13,6,8,12,9,7,9,9,3,1,5,3,1,5,1,6,2,2,1,0,1,2,0,0,0,0,0,0,0,0,0,0,0,0,0,0,0,0,0,0,0,0,0,0,0,0,0,0,0,0,0,0,0,0,0,0
AB,"ORAŞ OCNA MUREŞ","UIOARA DE JOS",1810,160,"ŞCOALA PRIMARĂ UIOARA DE JOS",U,877,338,40,0,0,378,10,14,19,76,53,18,9,23,72,84,0,1,1,3,3,2,0,0,1,1,0,1,3,3,2,2,1,1,1,1,4,1,1,2,2,2,4,3,2,2,6,4,5,3,4,0,3,4,5,2,5,3,4,5,4,5,7,3,4,0,9,6,4,4,2,4,1,2,1,1,3,2,1,2,1,1,0,1,0,1,0,0,0,0,0,0,0,0,0,0,0,0,0,0,0,0,0,0,0,0,0,0,0,0,0,0,0,0,0,0,0,0,0,6,0,3,3,2,0,4,3,1,0,1,0,0,2,0,1,1,2,2,3,1,3,1,0,1,5,5,1,2,2,4,4,4,4,5,3,3,3,4,3,7,4,3,6,4,3,3,6,10,6,12,5,5,7,9,2,1,1,3,2,2,2,3,1,2,2,0,1,1,0,1,0,0,0,0,0,0,0,0,0,0,0,0,0,0,0,0,0,0,0,0,0,0,0,0,0,0,0,0,0,0,0,0
AB,"ORAŞ OCNA MUREŞ","UIOARA DE SUS",1829,161,"ŞCOALA PRIMARĂ UIOARA DE SUS, SALA NR. 1",U,1398,535,43,0,0,578,26,32,43,122,51,20,38,53,128,65,4,5,4,3,1,4,5,7,4,1,3,2,6,5,1,1,2,2,1,4,2,3,4,8,6,5,8,8,4,7,4,4,7,10,11,8,7,5,8,7,5,5,2,5,9,2,4,6,2,3,1,8,5,2,2,1,3,4,1,3,1,3,0,1,1,0,2,0,1,0,0,0,1,0,0,0,0,0,0,0,0,0,0,0,0,0,0,0,0,0,0,0,0,0,0,0,0,0,0,0,0,0,0,5,3,0,2,4,3,3,5,4,3,7,2,3,2,3,5,4,1,1,4,5,9,4,4,8,8,9,5,8,8,4,11,9,13,7,4,4,6,5,3,6,6,9,4,6,6,4,2,6,6,3,7,6,5,3,3,7,1,0,4,3,2,1,3,1,0,0,0,1,1,0,0,0,0,0,0,0,0,0,0,0,0,0,0,0,0,0,0,0,0,0,0,0,0,0,0,0,0,0,0,0,0,0
AB,"ORAŞ OCNA MUREŞ","CISTEIU DE MUREŞ",1838,162,"ŞCOALA GENERALĂ CISTEIU DE MUREŞ",U,544,170,26,0,0,196,12,14,13,46,18,6,13,12,39,23,0,3,2,0,2,2,3,2,1,1,0,1,3,1,1,1,3,3,2,0,1,0,1,2,2,1,1,1,1,0,6,1,5,3,4,4,0,2,2,2,2,2,2,2,5,2,0,4,1,1,1,1,2,1,1,0,2,1,0,1,0,1,1,0,0,0,0,0,0,0,0,0,0,0,0,0,0,0,0,0,0,0,0,0,0,0,0,0,0,0,0,0,0,0,0,0,0,0,0,0,0,0,0,0,0,0,2,0,1,3,0,4,0,3,0,1,2,1,1,1,2,0,0,2,1,1,0,1,2,3,3,1,3,1,3,4,2,3,1,2,2,2,3,0,2,1,4,0,2,0,2,0,2,0,1,4,2,4,0,0,1,1,1,1,0,1,1,0,0,0,0,1,0,1,0,0,0,0,0,0,0,0,0,0,0,0,0,0,0,0,0,0,0,0,0,0,0,0,0,0,0,0,0,0,0,0
AB,"ORAŞ OCNA MUREŞ",MICOŞLACA,1847,163,"GRĂDINIŢA CU PROGRAM NORMAL MICOŞLACA",U,258,88,31,0,0,119,6,3,8,32,14,5,4,11,18,18,2,1,1,0,0,1,1,0,0,1,1,0,0,1,0,0,0,1,0,1,2,1,0,0,0,3,0,2,0,3,0,3,0,2,0,0,0,3,1,1,1,3,3,3,3,2,2,2,0,1,3,0,0,1,2,1,0,0,1,1,0,0,1,0,1,0,0,0,0,0,0,0,0,0,0,0,0,0,0,0,0,0,0,0,0,0,0,0,0,0,0,0,0,0,0,0,0,0,0,0,0,0,0,1,0,0,2,0,0,2,0,0,1,0,0,0,0,2,1,0,0,0,0,1,2,1,3,0,3,1,2,1,0,2,2,1,1,0,1,0,0,1,0,1,1,2,1,1,1,0,3,1,2,2,1,0,1,1,1,0,0,2,1,0,0,1,0,1,1,0,0,0,0,0,0,0,0,0,0,0,0,0,0,0,0,0,0,0,0,0,0,0,0,0,0,0,0,0,0,0,0,0,0,0,0,0
AB,"ORAŞ OCNA MUREŞ",RĂZBOIENI-CETATE,1856,164,"CĂMINUL CULTURAL RĂZBOIENI-CETATE",U,1089,430,47,0,0,477,14,26,43,103,58,19,20,41,84,69,2,2,2,3,3,1,1,2,3,4,3,0,3,1,4,4,2,3,4,6,3,2,6,4,7,2,6,3,3,9,5,6,6,10,6,4,3,6,6,4,6,5,6,3,3,3,6,3,4,2,1,6,4,2,1,6,9,2,5,2,1,1,1,2,1,3,0,0,1,0,0,0,0,1,0,0,0,0,0,0,0,0,0,0,0,0,0,0,0,0,0,0,0,0,0,0,0,0,0,0,0,0,0,6,3,3,2,3,0,2,0,0,2,4,1,3,3,4,2,1,2,6,3,2,5,7,6,2,4,4,6,4,3,4,3,7,4,3,5,9,4,1,5,6,4,2,3,4,4,3,7,6,6,6,0,5,5,4,3,2,3,7,1,4,1,1,1,3,0,0,1,1,0,1,0,1,0,0,0,0,0,0,0,0,0,0,0,0,0,0,0,0,0,0,0,0,0,0,0,0,0,0,0,0,0,0
AB,"ORAŞ TEIUŞ",TEIUŞ,8103,165,"CASA DE CULTURĂ TEIUŞ",U,1541,771,59,0,0,830,32,60,65,161,103,36,56,54,172,91,2,7,4,6,5,5,3,5,8,4,4,10,8,2,7,5,7,3,8,2,4,10,6,6,6,12,8,7,6,7,2,12,9,18,13,9,10,6,5,7,4,5,9,7,3,11,11,11,9,11,9,6,5,6,4,9,4,2,2,3,9,0,3,1,3,1,1,1,0,0,1,0,1,0,0,1,0,0,0,0,0,0,0,0,0,0,0,0,0,0,0,0,0,0,0,0,0,0,0,0,0,0,0,11,3,4,3,4,7,4,7,7,5,4,4,4,6,7,7,5,3,4,5,8,3,7,4,7,4,9,9,7,8,8,12,10,14,12,5,7,5,1,8,9,5,3,10,14,14,11,7,6,7,6,9,8,5,10,3,2,7,2,2,2,4,4,1,1,0,0,2,2,0,0,0,0,1,0,0,0,0,0,0,0,0,0,0,0,0,0,0,0,0,0,0,0,0,0,0,0,0,0,0,0,0,0
AB,"ORAŞ TEIUŞ",TEIUŞ,8103,166,"ŞCOALA GIMNAZIALĂ TEIUŞ",U,1332,498,40,0,0,538,16,36,49,122,53,25,35,44,98,60,3,1,2,3,2,4,1,5,1,2,4,3,4,5,3,3,6,4,4,2,9,2,6,9,5,1,7,8,4,3,6,9,13,7,10,4,1,5,8,7,2,7,6,10,5,3,4,6,5,3,5,3,2,4,3,2,2,2,1,2,1,3,1,2,2,0,3,0,1,0,0,0,0,0,0,0,0,0,0,0,0,0,0,0,0,0,0,0,0,0,0,0,0,0,0,0,0,0,0,0,0,0,0,5,6,5,2,1,2,4,2,5,2,5,4,6,0,0,3,8,1,0,3,7,2,4,8,6,10,3,1,4,3,8,2,11,9,9,4,2,3,7,5,4,7,5,5,2,1,6,5,2,9,2,4,7,2,1,4,3,4,2,3,0,2,2,3,0,1,0,1,1,0,1,0,0,1,0,0,0,0,0,0,0,0,0,0,0,0,0,0,0,0,0,0,0,0,0,0,0,0,0,0,0,0,0
AB,"ORAŞ TEIUŞ",TEIUŞ,8103,167,"LICEUL TEORETIC TEIUŞ",U,1494,774,84,0,4,862,33,57,71,178,81,30,64,68,198,82,7,3,2,5,6,4,6,1,5,3,5,3,7,13,8,5,7,10,4,6,4,7,6,10,10,5,9,10,4,11,10,17,15,12,11,9,5,2,7,4,12,6,2,11,15,9,6,4,8,6,6,5,7,8,8,3,7,2,3,2,2,1,3,0,0,3,1,1,0,1,0,0,0,0,0,0,0,0,0,0,0,0,0,0,0,0,0,0,0,0,0,0,0,0,0,0,0,0,0,0,0,0,0,4,4,2,2,5,4,9,5,3,5,4,8,9,11,5,8,6,7,7,7,9,5,5,3,11,5,9,15,11,11,11,10,10,11,11,9,3,8,11,10,9,9,9,12,3,9,16,4,13,8,4,11,7,6,6,2,2,1,1,2,4,1,2,2,2,3,0,0,0,1,0,0,0,0,0,0,0,0,0,0,0,0,0,0,0,0,0,0,0,0,0,0,0,0,0,0,0,0,0,0,0,0,0
AB,"ORAŞ TEIUŞ",TEIUŞ,8103,168,"GARA CFR TEIUŞ",U,1036,479,74,0,1,554,28,26,45,124,59,23,32,51,95,71,4,2,5,7,0,6,4,3,2,4,1,2,2,4,2,3,3,5,2,2,5,4,4,5,6,10,2,6,8,3,7,9,11,11,11,5,3,2,5,2,8,6,5,7,2,3,10,4,8,1,5,3,5,4,5,3,2,4,1,3,1,0,5,4,0,0,0,0,0,0,1,0,0,0,0,0,0,0,0,0,0,0,0,0,0,0,0,0,0,0,0,0,0,0,0,0,0,0,0,0,0,0,0,2,1,3,4,7,2,4,2,4,3,2,2,5,3,4,5,2,3,2,10,6,6,4,3,2,8,7,6,5,5,7,7,6,3,5,6,2,4,3,0,5,5,4,10,4,5,3,5,5,2,7,11,9,3,3,3,1,7,1,4,0,2,1,4,1,1,0,0,1,0,0,0,0,0,0,0,0,0,0,0,0,0,0,0,0,0,0,0,0,0,0,0,0,0,0,0,0,0,0,0,0,0,0
AB,"ORAŞ TEIUŞ",BELDIU,8112,169,"ŞCOALA PRIMARĂ BELDIU",U,195,80,22,0,0,102,2,11,10,19,10,6,4,7,23,10,1,0,0,1,0,0,0,0,0,0,0,3,3,2,2,1,0,0,0,0,0,2,1,1,2,0,4,0,1,0,1,0,1,2,1,0,1,0,2,1,1,0,2,1,0,3,2,3,1,0,0,1,0,0,0,0,0,0,1,3,0,0,0,0,0,0,0,0,0,0,1,0,0,0,0,0,0,0,0,0,0,0,0,0,0,0,0,0,0,0,0,0,0,0,0,0,0,0,0,0,0,0,0,1,1,0,3,0,0,1,0,0,1,0,0,1,0,1,1,0,0,0,1,2,0,2,0,2,0,0,2,0,2,0,1,4,1,1,1,0,2,1,0,1,2,0,1,1,1,2,0,1,1,0,0,0,0,0,0,3,3,0,0,1,0,0,0,1,0,0,0,0,0,0,0,0,0,0,0,0,0,0,0,0,0,0,0,0,0,0,0,0,0,0,0,0,0,0,0,0,0,0,0,0,0,0
AB,"MUNICIPIUL ALBA IULIA","ALBA IULIA",1026,17,"ŞCOALA GIMNAZIALĂ„ION AGÂRBICEANU”",U,936,483,61,0,0,544,27,34,44,80,55,24,35,56,112,77,2,3,3,7,1,6,5,3,1,6,2,2,6,5,2,4,3,4,1,2,6,6,6,5,8,3,3,8,3,5,3,1,5,7,0,3,4,2,5,2,2,6,3,11,3,1,6,2,3,6,4,0,1,3,2,6,2,4,1,3,2,1,2,1,2,2,1,2,3,2,0,0,0,0,0,0,0,0,0,0,0,0,0,0,0,0,0,0,0,0,0,0,0,0,0,0,0,0,0,0,0,0,0,2,2,4,8,3,1,4,2,2,5,5,6,2,1,2,4,6,10,3,2,5,6,5,7,4,6,8,7,10,5,6,6,8,7,8,4,4,6,5,2,4,4,3,8,5,9,1,5,5,4,11,5,4,1,7,1,4,3,4,4,1,1,3,3,2,2,3,1,0,0,1,0,1,0,0,1,0,0,0,0,0,0,0,0,0,0,0,0,0,0,0,0,0,0,0,0,0,0,0,0,0,0,0
AB,"ORAŞ TEIUŞ",PEŢELCA,8149,170,"ŞCOALA PRIMARĂ PEŢELCA",U,114,58,27,0,0,85,2,2,5,21,12,1,5,5,13,19,0,1,0,0,0,0,1,0,0,0,0,0,1,1,0,0,0,0,2,2,0,0,0,0,0,0,1,1,0,1,2,1,0,1,0,0,1,1,1,1,3,0,4,0,1,1,2,0,1,0,2,0,0,1,1,1,0,1,2,0,0,0,0,1,0,1,0,0,1,0,0,0,0,0,0,0,0,0,0,0,0,0,0,0,0,0,0,0,0,0,0,0,0,0,0,0,0,0,0,0,0,0,0,0,0,1,0,0,0,0,0,1,0,0,0,2,1,1,0,0,0,0,1,0,0,0,1,2,1,0,1,1,0,2,1,0,3,1,0,0,1,0,1,0,1,0,0,0,0,1,4,1,1,0,1,1,2,1,1,0,1,0,1,1,1,1,0,1,0,0,0,0,1,0,0,0,0,0,0,0,0,0,0,0,0,0,0,0,0,0,0,0,0,0,0,0,0,0,0,0,0,0,0,0,0,0
AB,"ORAŞ TEIUŞ",CĂPUD,8121,171,"CĂMIN CULTURAL CĂPUD",U,261,141,20,0,0,161,6,11,15,35,14,4,14,13,35,14,1,0,2,1,1,0,1,1,1,0,0,0,2,2,1,4,0,1,0,1,0,3,2,2,0,2,4,1,2,2,3,2,3,1,2,4,0,1,3,2,1,0,0,1,0,3,4,2,0,1,0,2,1,1,1,2,2,1,0,1,0,0,0,0,0,0,0,0,0,0,0,0,0,0,0,0,0,0,0,0,0,0,0,0,0,0,0,0,0,0,0,0,0,0,0,0,0,0,0,0,0,0,0,0,0,1,0,2,0,1,0,3,1,1,1,1,3,2,1,1,1,2,1,0,0,2,1,2,1,3,2,0,2,6,2,3,3,0,0,3,0,3,3,2,2,2,0,0,0,2,1,1,2,2,3,1,0,0,1,0,0,1,0,0,0,1,0,0,0,0,0,1,0,0,0,0,0,0,0,0,0,0,0,0,0,0,0,0,0,0,0,0,0,0,0,0,0,0,0,0,0,0,0,0,0,0
AB,"ORAŞ ZLATNA",ZLATNA,1945,172,"ŞCOALA GIMNAZIALĂ „ AVRAM IANCU” ZLATNA",U,1210,514,47,0,0,561,21,43,27,125,53,27,32,40,126,67,2,3,7,2,3,2,2,5,1,4,2,5,5,4,6,6,5,1,1,5,1,3,3,6,2,3,2,6,3,7,10,6,9,6,11,4,4,8,7,4,5,7,5,4,11,5,3,2,6,2,3,5,3,5,3,6,1,2,0,4,0,1,0,4,1,1,1,1,0,0,1,1,0,0,0,0,0,0,0,0,0,0,0,0,0,0,0,0,0,0,0,0,0,0,0,0,0,0,0,0,0,0,0,0,2,7,1,6,4,7,2,2,7,1,4,5,3,4,3,1,2,3,6,0,6,7,4,2,3,7,4,6,4,10,6,10,13,8,7,1,4,4,9,6,5,3,8,7,3,8,8,7,1,11,6,1,3,1,5,2,4,1,2,2,0,3,2,4,1,0,2,0,0,0,0,0,0,0,0,1,0,0,0,0,0,0,0,0,0,0,0,0,0,0,0,0,0,0,0,0,0,0,0,0,0,0
AB,"ORAŞ ZLATNA",ZLATNA,1945,173,"ŞCOALA GIMNAZIALĂ „ AVRAM IANCU” ZLATNA",U,962,422,32,0,1,455,17,29,42,87,54,17,34,43,92,40,5,2,4,0,1,3,2,1,5,4,2,1,4,0,4,5,3,4,4,2,2,5,3,3,3,11,5,2,4,5,8,3,4,7,6,3,6,3,3,5,9,6,3,2,3,3,2,7,5,4,5,5,6,0,3,1,2,2,2,2,1,1,0,2,3,1,0,0,1,0,0,1,0,0,0,0,0,0,0,0,0,0,0,0,0,0,0,0,0,0,0,0,0,0,0,0,0,0,0,0,0,0,0,2,2,3,0,5,2,3,2,0,2,4,2,6,5,5,5,3,5,5,3,2,4,3,6,5,5,5,3,4,4,4,6,6,4,5,2,7,2,5,9,3,4,5,5,3,5,6,4,2,5,4,3,2,1,2,4,4,6,1,1,0,0,0,0,0,0,0,0,0,0,0,1,0,0,0,0,0,0,0,0,0,0,0,0,0,0,0,0,0,0,0,0,0,0,0,0,0,0,0,0,0,0,0
AB,"ORAŞ ZLATNA",ZLATNA,1945,174,"LICEUL CORNELIU MEDREA ZLATNA",U,1348,533,37,0,0,570,27,44,35,121,49,25,46,42,146,35,8,3,3,2,3,6,2,4,4,3,5,8,5,1,4,5,5,5,3,0,3,3,4,4,3,2,8,2,5,5,4,8,9,12,6,4,8,6,6,8,4,3,6,7,4,7,7,2,4,9,4,6,5,2,1,0,2,2,1,2,2,2,1,2,1,1,0,0,0,0,0,0,0,0,0,0,0,0,0,0,0,0,0,0,0,0,0,0,0,0,0,0,0,0,0,0,0,0,0,0,0,0,0,6,0,3,3,7,2,4,5,4,1,3,8,2,7,5,7,4,5,2,1,2,5,5,6,6,5,5,8,3,8,11,12,8,16,12,10,7,4,5,4,6,7,8,3,3,3,8,6,5,3,5,0,1,1,1,3,4,1,2,2,1,0,0,0,0,0,0,0,0,0,0,0,0,0,0,0,0,0,0,0,0,0,0,0,0,0,0,0,0,0,0,0,0,0,0,0,0,0,0,0,0,0,0
AB,"ORAŞ ZLATNA",FENEŞ,2005,175,"ŞCOALA GIMNAZIALĂ ” SAVA ALBESCU ” SAT FENEŞ",U,748,418,33,0,0,451,13,22,41,101,45,17,35,37,83,57,3,2,2,2,2,1,1,3,2,1,1,2,2,1,4,4,2,3,4,3,1,3,3,10,4,4,6,7,2,5,5,7,5,9,7,7,6,3,6,3,7,3,5,4,4,4,2,3,3,0,3,3,2,2,2,2,2,9,1,0,4,3,2,0,0,1,0,0,2,0,0,0,1,0,0,0,0,0,0,0,0,0,0,0,0,0,0,0,0,0,0,0,0,0,0,0,0,0,0,0,0,0,0,3,1,1,1,3,4,4,4,2,2,3,4,5,1,3,10,1,2,4,2,4,5,0,3,8,7,2,4,1,5,5,3,6,9,7,2,5,3,3,3,7,2,1,0,3,5,9,2,4,5,5,7,3,4,4,5,3,2,2,2,2,0,1,2,2,0,1,0,0,1,0,0,0,0,0,0,0,0,0,0,0,0,0,0,0,0,0,0,0,0,0,0,0,0,0,0,0,0,0,0,0,0,0
AB,"ORAŞ ZLATNA",GALAŢI,2014,176,"ŞCOALA PRIMARĂ , SAT GALAŢI",U,302,113,23,0,0,136,7,10,9,21,15,9,14,3,32,16,1,1,0,1,2,1,1,0,1,1,0,1,2,2,1,0,2,1,1,1,1,0,1,0,0,2,2,0,2,0,0,1,1,1,2,0,0,1,1,2,3,1,1,0,1,2,2,2,3,2,2,0,0,0,1,1,1,0,0,1,0,0,0,0,0,0,0,0,0,1,0,1,0,0,0,0,0,0,0,0,0,0,0,0,0,0,0,0,0,0,0,0,0,0,0,0,0,0,0,0,0,0,0,2,2,1,0,1,3,0,1,2,4,1,0,1,2,2,1,0,0,1,0,0,0,1,0,1,0,0,1,2,2,1,0,5,2,4,0,3,0,1,0,1,1,2,3,1,1,2,0,1,3,2,1,0,0,4,2,1,0,0,0,0,1,0,1,0,0,0,0,0,0,0,0,0,0,0,0,0,0,0,0,0,0,0,0,0,0,0,0,0,0,0,0,0,0,0,0,0,0,0,0,0,0,0
AB,"ORAŞ ZLATNA","IZVORU AMPOIULUI",2023,177,"CĂMIN CULTURAL, SAT IZVORUL AMPOIULUI",U,418,153,16,0,0,169,10,16,13,43,18,7,4,9,35,14,3,1,1,0,1,1,3,1,3,1,0,1,0,3,1,2,4,2,1,0,1,2,1,1,3,0,2,3,0,0,1,1,4,2,3,1,4,2,4,1,2,3,6,2,2,1,1,5,3,0,1,0,0,0,1,1,4,1,0,1,0,0,1,0,0,0,0,0,0,0,0,0,0,0,0,0,0,0,0,0,0,0,0,0,0,0,0,0,0,0,0,0,0,0,0,0,0,0,0,0,0,0,0,0,0,1,2,1,2,1,0,0,1,0,0,1,0,0,1,1,1,0,2,2,0,1,0,1,2,0,2,2,2,3,1,1,3,3,2,2,0,1,2,2,1,1,3,2,0,2,2,1,2,1,0,1,1,1,2,0,1,0,0,0,1,0,0,0,1,0,0,0,0,0,0,0,0,0,0,0,0,0,0,0,0,0,0,0,0,0,0,0,0,0,0,0,0,0,0,0,0,0,0,0,0,0
AB,"ORAŞ ZLATNA",PĂTRÂNGENI,2032,178,"ŞCOALA PRIMARĂ , SAT PĂTRÂNGENI",U,510,222,13,0,0,235,13,15,12,52,26,7,10,15,54,31,2,3,1,0,2,2,3,0,1,2,0,3,3,2,2,1,1,0,0,1,2,3,1,1,2,0,2,2,2,2,1,6,5,1,4,3,3,2,2,2,4,4,2,1,2,3,1,1,1,1,1,3,1,0,4,1,4,1,1,1,0,2,2,0,0,1,0,0,0,0,0,0,1,0,0,0,0,0,0,0,0,0,0,0,0,0,0,0,0,0,0,0,0,0,0,0,0,0,0,0,0,0,0,2,2,1,0,0,1,1,1,1,1,0,0,1,1,1,2,2,0,0,2,4,0,1,2,3,1,2,1,2,0,4,5,3,3,3,5,4,0,2,5,2,0,4,3,0,4,4,2,3,3,4,4,4,0,1,4,0,1,0,0,1,2,0,0,0,1,0,0,0,0,0,0,0,1,0,0,0,0,0,0,0,0,0,0,0,0,0,0,0,0,0,0,0,0,0,0,0,0,0,0,0,0,0
AB,"ORAŞ ZLATNA",PIRITA,2041,179,"ŞCOALA PRIMARĂ , SAT PIRITA",U,368,172,16,0,0,188,16,11,15,42,8,14,18,22,33,9,2,4,2,1,4,2,1,0,1,2,1,3,0,1,1,1,1,2,1,2,3,3,0,2,0,2,0,4,2,3,2,0,3,0,1,2,1,0,1,6,3,1,2,4,3,2,2,2,0,0,1,1,1,0,0,1,1,1,0,0,0,0,0,0,0,0,0,0,0,0,0,0,0,0,0,0,0,0,0,0,0,0,0,0,0,0,0,0,0,0,0,0,0,0,0,0,0,0,0,0,0,0,0,3,6,1,2,2,0,0,1,1,2,0,1,3,3,2,4,1,0,1,1,1,3,2,4,2,6,2,6,2,2,1,1,2,3,1,2,1,2,2,0,1,0,1,1,2,1,2,1,1,0,2,0,0,1,1,0,1,0,0,0,0,0,0,0,0,0,2,0,0,0,0,0,0,0,0,0,0,0,0,0,0,0,0,0,0,0,0,0,0,0,0,0,0,0,0,0,0,0,0,0,0,0,0
AB,"MUNICIPIUL ALBA IULIA","ALBA IULIA",1026,18,"ŞCOALA GIMNAZIALĂ„ION AGÂRBICEANU”",U,884,431,125,0,0,556,24,39,56,73,54,21,52,48,105,84,2,3,5,5,3,3,3,3,6,4,6,1,4,5,0,6,4,7,1,4,5,7,9,8,3,6,6,5,7,14,3,4,4,4,3,5,5,4,2,3,3,2,1,0,1,2,1,2,3,4,4,3,2,2,2,5,0,4,4,2,4,1,2,4,2,2,1,0,0,0,0,0,0,0,0,1,0,0,0,0,0,0,0,0,0,0,0,0,0,0,0,0,0,0,0,0,0,0,0,0,0,0,0,1,4,4,2,5,2,3,7,4,1,4,5,6,9,6,7,3,4,1,5,3,7,4,8,5,5,6,11,6,6,7,2,4,11,10,1,3,4,4,1,3,2,5,5,5,5,10,6,4,4,5,3,4,5,11,8,3,5,2,3,3,3,6,4,2,2,0,0,1,0,0,0,0,0,0,0,0,0,0,0,0,0,0,0,0,0,0,0,0,0,0,0,0,0,0,0,0,0,0,0,0,0,0
AB,"ORAŞ ZLATNA",TRÂMPOIELE,2103,180,"ŞCOALA PRIMARĂ , SAT TRÎMPOIELE",U,333,143,12,0,0,155,6,17,9,48,11,7,8,9,33,7,0,1,1,0,2,0,2,2,1,0,2,1,3,5,0,1,2,0,1,1,0,1,0,1,0,1,4,3,1,1,2,2,3,1,2,2,1,3,1,6,0,5,2,4,2,5,2,2,0,0,2,1,0,1,0,0,1,1,0,1,1,0,0,0,1,0,0,0,0,0,0,0,0,0,0,0,0,0,0,0,0,0,0,0,0,0,0,0,0,0,0,0,0,0,0,0,0,0,0,0,0,0,0,1,0,0,1,1,2,2,1,2,0,1,1,0,0,0,0,3,0,3,1,0,2,0,2,0,0,1,0,3,4,0,3,4,2,2,0,1,1,3,1,3,0,4,1,0,1,0,0,1,1,0,0,1,0,0,3,0,0,0,0,0,0,1,0,0,0,0,0,0,0,0,0,0,0,0,0,0,0,0,0,0,0,0,0,0,0,0,0,0,0,0,0,0,0,0,0,0,0,0,0,0,0,0
AB,"ORAŞ ZLATNA","VALEA MICĂ",2112,181,"ŞCOALA PRIMARĂ , SAT VALEA MICĂ",U,342,170,21,0,0,191,3,12,16,44,21,10,11,13,37,24,1,1,0,0,1,0,0,1,1,1,0,2,3,2,0,1,1,1,1,1,2,1,0,2,3,4,1,0,1,3,2,4,2,1,2,2,2,2,0,4,7,0,1,1,1,4,5,1,1,1,2,2,0,0,1,2,1,1,2,0,0,1,3,2,0,1,0,0,0,0,0,0,0,0,0,0,0,0,0,0,0,0,0,0,0,0,0,0,0,0,0,0,0,0,0,0,0,0,0,0,0,0,0,2,1,1,3,2,0,1,3,1,1,0,1,1,0,1,2,1,1,0,0,0,3,1,2,2,1,3,5,0,1,2,3,2,2,1,0,4,3,0,1,2,2,2,1,4,2,0,1,1,2,1,2,1,1,2,1,1,3,3,0,0,1,0,3,0,0,0,1,0,0,0,0,0,0,0,0,0,0,0,0,0,0,0,0,0,0,0,0,0,0,0,0,0,0,0,0,0,0,0,0,0,0,0
AB,"ORAŞ ZLATNA",VÂLTORI,2121,182,"CĂMIN CULTURAL, SAT VÎLTORI",U,171,67,18,0,0,85,3,5,11,19,9,1,5,13,15,4,1,0,0,0,1,1,0,2,0,0,0,0,1,1,0,1,0,2,0,1,2,1,1,1,1,0,2,2,2,3,0,2,1,3,1,1,0,0,1,0,0,1,1,0,0,1,0,1,1,1,1,1,0,1,0,1,1,0,0,0,0,0,1,0,0,0,0,0,0,0,0,0,0,0,0,0,0,0,0,0,0,0,0,0,0,0,0,0,0,0,0,0,0,0,0,0,0,0,0,0,0,0,0,0,0,0,0,0,0,1,1,0,0,0,1,0,1,1,1,0,1,1,1,1,3,2,1,0,1,2,1,1,0,1,1,2,0,0,0,0,0,0,0,2,0,1,1,3,0,2,1,0,1,0,0,1,0,0,0,0,1,0,0,0,0,0,0,0,0,0,0,0,0,0,0,0,0,0,0,0,0,0,0,0,0,0,0,0,0,0,0,0,0,0,0,0,0,0,0,0,0,0,0,0,0,0
AB,ALBAC,ALBAC,2149,183,"CĂMINUL CULTURAL ALBAC",R,744,348,48,0,9,405,20,32,35,90,38,20,27,28,73,42,7,1,6,1,0,1,4,5,1,2,1,1,4,4,7,3,4,4,3,5,1,5,3,7,2,2,3,7,5,3,5,3,3,7,7,3,6,5,4,6,5,3,4,6,3,2,3,0,0,2,0,5,4,2,2,3,3,3,1,0,2,1,2,2,2,2,0,0,0,0,0,0,0,1,0,0,0,0,0,1,0,0,0,0,0,0,0,0,0,0,0,0,0,0,0,0,0,0,0,0,0,0,0,2,2,3,2,2,3,6,0,2,5,2,5,5,4,2,1,1,2,3,3,3,4,1,3,2,5,2,3,8,5,4,4,2,4,4,10,0,4,3,3,5,1,2,4,1,3,3,2,3,2,0,2,3,0,2,6,2,2,0,5,2,1,2,2,2,0,1,0,0,1,1,0,1,0,0,0,0,0,0,0,0,0,0,0,0,0,0,0,0,0,0,0,0,0,0,0,0,0,0,0,0,0,0
AB,ALBAC,CIONEŞTI,2176,184,"ŞCOALA PRIMARĂ CIONEŞTI",R,533,183,21,0,9,213,6,11,27,47,24,9,12,19,39,19,2,0,1,0,1,1,1,2,2,0,0,3,0,3,1,0,0,0,5,1,2,6,3,2,1,2,5,5,0,1,3,2,4,2,1,2,0,3,3,4,2,2,2,4,2,3,2,3,0,0,1,1,1,2,2,2,5,1,0,1,2,0,1,0,0,1,0,0,0,0,0,1,0,0,0,0,0,0,0,0,0,0,0,0,0,0,0,0,0,0,0,0,0,0,0,0,0,0,0,0,0,0,0,0,3,2,1,1,2,0,1,3,1,0,0,1,0,0,3,3,2,1,1,3,0,2,4,3,3,0,0,5,1,2,3,2,3,2,0,1,1,3,1,3,2,4,0,2,2,2,2,0,1,1,4,1,1,1,1,0,0,1,0,0,0,0,0,0,2,1,0,0,1,0,0,0,2,0,0,0,0,0,0,0,0,0,0,0,0,0,0,0,0,0,0,0,0,0,0,0,0,0,0,0,0,0
AB,ALBAC,COSTEŞTI,2185,185,"ŞCOALA PRIMARĂ COSTEŞTI",R,82,27,12,0,0,39,1,1,5,14,4,3,3,2,4,2,0,0,0,0,0,0,1,0,0,0,0,0,0,0,1,0,0,0,0,1,1,0,0,0,0,1,2,3,0,2,1,0,0,1,2,0,0,0,1,0,0,1,1,0,1,1,0,0,0,0,0,0,0,0,0,0,2,0,0,0,0,2,0,0,0,0,0,0,0,0,0,0,0,0,0,0,0,0,0,0,0,0,0,0,0,0,0,0,0,0,0,0,0,0,0,0,0,0,0,0,0,0,0,0,1,2,0,0,0,0,0,1,0,0,0,0,0,0,2,0,0,1,0,0,1,0,0,0,0,0,0,0,0,0,0,2,1,0,0,0,1,0,0,0,0,0,0,0,0,0,1,0,0,0,0,0,0,0,0,1,0,0,0,0,0,0,0,0,0,0,0,0,0,0,0,0,0,0,0,0,0,0,0,0,0,0,0,0,0,0,0,0,0,0,0,0,0,0,0,0,0,0,0,0,0,0
AB,ALBAC,POTIONCI,2247,186,"ŞCOALA PRIMARĂ POTIONCI",R,64,18,10,0,0,28,1,0,4,13,2,0,1,2,4,1,0,0,0,1,0,0,0,0,0,0,0,0,0,0,0,0,0,0,1,0,0,0,1,2,0,0,0,2,0,0,2,2,0,2,0,1,0,1,1,1,0,1,0,0,0,0,0,0,0,1,1,0,0,0,0,0,0,0,0,0,0,0,0,0,0,0,0,0,0,0,0,0,0,0,0,0,0,0,0,0,0,0,0,0,0,0,0,0,0,0,0,0,0,0,0,0,0,0,0,0,0,0,0,0,0,0,0,0,0,0,0,0,0,0,0,0,1,0,0,0,1,0,0,0,0,0,0,0,0,1,0,0,1,0,0,1,0,0,0,0,0,0,0,0,0,0,2,0,0,0,0,0,0,0,0,0,0,1,0,0,0,0,0,0,0,0,0,0,0,0,0,0,0,0,0,0,0,0,0,0,0,0,0,0,0,0,0,0,0,0,0,0,0,0,0,0,0,0,0,0,0,0,0,0,0,0
AB,ALBAC,ROGOZ,2256,187,"ŞCOALA PRIMARĂ ROGOZ",R,242,85,11,0,2,98,5,8,7,25,10,2,8,8,20,5,1,1,0,1,1,1,0,0,1,1,1,0,0,1,1,0,3,2,0,0,0,2,0,1,0,1,1,2,2,0,0,1,4,4,4,2,1,0,1,0,0,0,1,0,1,1,1,0,1,0,0,1,0,1,0,0,1,0,1,0,0,0,1,0,0,1,1,0,1,0,0,0,0,0,0,0,0,0,0,1,0,0,0,0,0,0,0,0,0,0,0,0,0,0,0,0,0,0,0,0,0,0,0,0,1,1,0,0,0,0,1,2,1,1,0,2,1,0,0,0,0,0,2,1,1,1,1,1,0,1,2,0,2,3,2,2,0,1,1,3,1,0,1,0,0,0,0,1,0,1,0,0,0,0,0,1,0,0,0,0,0,1,0,3,0,0,0,0,0,0,0,0,0,0,0,0,0,0,0,0,0,0,0,0,0,0,0,0,0,0,0,0,0,0,0,0,0,0,0,0,0,0,0,0,0,0
AB,"ALMAŞU MARE","ALMAŞU MARE",2318,188,"PRIMARIA COMUNEI ALMSU MARE",R,321,138,17,0,0,155,7,12,9,42,16,6,8,9,33,13,1,2,1,1,0,2,0,2,1,1,2,2,0,0,1,2,1,2,1,1,0,0,0,0,2,1,2,1,2,2,3,2,4,3,1,1,3,0,2,2,2,1,2,2,5,3,1,0,1,1,3,1,0,1,2,1,0,2,0,0,1,1,0,0,1,1,0,0,0,0,0,0,0,0,0,0,0,0,0,0,0,0,0,0,0,0,0,0,0,0,0,0,0,0,0,0,0,0,0,0,0,0,0,1,0,2,1,0,2,0,1,1,1,0,1,1,1,0,2,0,1,0,0,2,1,2,0,1,1,1,1,0,3,2,2,4,0,3,0,0,3,2,0,2,3,1,0,2,2,3,1,0,1,1,1,1,1,1,2,1,0,1,1,1,0,0,0,0,0,0,0,0,0,0,0,0,0,0,0,0,0,0,0,0,0,0,0,0,0,0,0,0,0,0,0,0,0,0,0,0,0,0,0,0,0,0
AB,"ALMAŞU MARE","ALMAŞU MARE",2318,189,"SCOALA PRIMARA ALMASU MARE - SUSENI",R,207,87,7,0,0,94,1,4,3,25,7,4,5,6,21,18,0,0,0,0,0,1,0,1,1,0,1,0,0,0,0,1,0,0,0,0,0,1,0,0,1,1,0,0,1,1,3,0,4,2,1,0,0,1,0,1,2,1,2,1,2,1,2,0,1,1,0,1,1,1,1,0,0,0,0,0,0,1,0,0,0,0,0,0,0,0,0,0,0,0,0,0,0,0,0,0,0,0,0,0,0,0,0,0,0,0,0,0,0,0,0,0,0,0,0,0,0,0,0,0,0,0,1,1,2,0,1,1,1,0,0,1,0,1,0,0,1,0,0,1,0,0,0,1,2,1,0,3,0,0,2,0,1,0,0,2,1,2,2,2,2,0,1,0,0,3,1,2,2,2,1,4,0,0,0,1,0,1,0,0,3,1,0,0,0,0,0,0,0,0,0,0,0,0,0,0,0,0,0,0,0,0,0,0,0,0,0,0,0,0,0,0,0,0,0,0,0,0,0,0,0,0
